algorithm,run_id,seed,generation,evaluations,population_size,feasible_count,feasible_fraction,mean_total_constraint_violation,max_total_constraint_violation,non_dominated_count,hv_against_zero_reference,max_social_reliability,max_economic_efficiency,max_ecological_security,data_status
IA-NSGA-III,1,1809036,1,48,48,47,0.9791666666666666,4.625929269271485e-18,2.220446049250313e-16,8,0.22406346439249752,0.5638569910840654,0.5764909198270107,0.694021731521561,经过处理的数据 / public-data surrogate; not author-run logs
IA-NSGA-III,1,1809036,2,96,48,48,1.0,0.0,0.0,6,0.23415739967046723,0.5640001489524074,0.5937479650820123,0.7024807175642203,经过处理的数据 / public-data surrogate; not author-run logs
IA-NSGA-III,1,1809036,3,144,48,48,1.0,0.0,0.0,7,0.23628737203939038,0.5684993790541776,0.5937479650820123,0.7024807175642203,经过处理的数据 / public-data surrogate; not author-run logs
IA-NSGA-III,1,1809036,4,192,48,48,1.0,0.0,0.0,7,0.2521287290834799,0.5815611869536793,0.6099054282316471,0.715731397702238,经过处理的数据 / public-data surrogate; not author-run logs
IA-NSGA-III,1,1809036,5,240,48,48,1.0,0.0,0.0,11,0.2597276516271504,0.5960994671460852,0.612955005695924,0.715731397702238,经过处理的数据 / public-data surrogate; not author-run logs
IA-NSGA-III,1,1809036,6,288,48,48,1.0,0.0,0.0,14,0.26372267701116886,0.5981003252910512,0.6194520264026738,0.7164172029530058,经过处理的数据 / public-data surrogate; not author-run logs
IA-NSGA-III,1,1809036,7,336,48,48,1.0,0.0,0.0,16,0.29112612189241655,0.6266172243903227,0.6559147180576941,0.7164172029530058,经过处理的数据 / public-data surrogate; not author-run logs
IA-NSGA-III,1,1809036,8,384,48,48,1.0,0.0,0.0,21,0.295396180995668,0.6266172243903227,0.6559147180576941,0.7298976584700921,经过处理的数据 / public-data surrogate; not author-run logs
IA-NSGA-III,1,1809036,9,432,48,48,1.0,0.0,0.0,13,0.30649873989847815,0.633682613927557,0.6703630004091828,0.7298976584700921,经过处理的数据 / public-data surrogate; not author-run logs
IA-NSGA-III,1,1809036,10,480,48,48,1.0,0.0,0.0,15,0.31118755867920106,0.6430771457321193,0.6703630004091828,0.7298976584700921,经过处理的数据 / public-data surrogate; not author-run logs
IA-NSGA-III,1,1809036,11,528,48,48,1.0,0.0,0.0,12,0.31853222264919945,0.6464303946804307,0.68029682491196,0.730134930103179,经过处理的数据 / public-data surrogate; not author-run logs
IA-NSGA-III,1,1809036,12,576,48,48,1.0,0.0,0.0,7,0.3315757338873653,0.6464303946804307,0.6944596238416254,0.7463674266941618,经过处理的数据 / public-data surrogate; not author-run logs
IA-NSGA-III,1,1809036,13,624,48,48,1.0,0.0,0.0,13,0.33569359531131826,0.6541011159337942,0.6944596238416254,0.7463674266941618,经过处理的数据 / public-data surrogate; not author-run logs
IA-NSGA-III,1,1809036,14,672,48,48,1.0,0.0,0.0,22,0.34531605387173786,0.6570744350408816,0.7108513170710569,0.7463674266941618,经过处理的数据 / public-data surrogate; not author-run logs
IA-NSGA-III,1,1809036,15,720,48,48,1.0,0.0,0.0,10,0.3486554851689887,0.6598454393276172,0.7108513170710569,0.7473014885832108,经过处理的数据 / public-data surrogate; not author-run logs
IA-NSGA-III,1,1809036,16,768,48,48,1.0,0.0,0.0,7,0.3594154479512896,0.6761455321433367,0.7152684583196425,0.7473014885832108,经过处理的数据 / public-data surrogate; not author-run logs
IA-NSGA-III,1,1809036,17,816,48,48,1.0,0.0,0.0,14,0.36145413129005155,0.6761455321433367,0.7186889029592658,0.7474288319297676,经过处理的数据 / public-data surrogate; not author-run logs
IA-NSGA-III,1,1809036,18,864,48,48,1.0,0.0,0.0,13,0.37439982364799906,0.6809577576057069,0.7316508338766243,0.7555892034406784,经过处理的数据 / public-data surrogate; not author-run logs
IA-NSGA-III,1,1809036,19,912,48,48,1.0,0.0,0.0,13,0.38242081729489946,0.6926419973841664,0.7339530982419856,0.7555892034406784,经过处理的数据 / public-data surrogate; not author-run logs
IA-NSGA-III,1,1809036,20,960,48,48,1.0,0.0,0.0,17,0.3857769735943098,0.6926419973841664,0.7342136769197041,0.7626079240081277,经过处理的数据 / public-data surrogate; not author-run logs
IA-NSGA-III,1,1809036,21,1008,48,48,1.0,0.0,0.0,21,0.39323254436154803,0.6985414094348513,0.7428142176014761,0.7626079240081277,经过处理的数据 / public-data surrogate; not author-run logs
IA-NSGA-III,1,1809036,22,1056,48,48,1.0,0.0,0.0,17,0.40051352741255997,0.7065871900334811,0.7475143590527783,0.7626079240081277,经过处理的数据 / public-data surrogate; not author-run logs
IA-NSGA-III,1,1809036,23,1104,48,48,1.0,0.0,0.0,11,0.40906564566722964,0.7119413701846063,0.7495427266757424,0.7701251397222026,经过处理的数据 / public-data surrogate; not author-run logs
IA-NSGA-III,1,1809036,24,1152,48,48,1.0,0.0,0.0,22,0.4186385521921722,0.7142700009163154,0.76490438677538,0.7702103545166777,经过处理的数据 / public-data surrogate; not author-run logs
IA-NSGA-III,1,1809036,25,1200,48,48,1.0,0.0,0.0,20,0.42137153036362746,0.7186350571422074,0.76490438677538,0.7702103545166777,经过处理的数据 / public-data surrogate; not author-run logs
IA-NSGA-III,1,1809036,26,1248,48,48,1.0,0.0,0.0,14,0.42427780635557094,0.7186350571422074,0.765670886969566,0.7742299901252993,经过处理的数据 / public-data surrogate; not author-run logs
IA-NSGA-III,1,1809036,27,1296,48,48,1.0,0.0,0.0,19,0.43540172529939336,0.7254631606713661,0.7727709568009488,0.7809799836983481,经过处理的数据 / public-data surrogate; not author-run logs
IA-NSGA-III,1,1809036,28,1344,48,48,1.0,0.0,0.0,23,0.4531878861472735,0.7356991155047704,0.7949830056742639,0.7809799836983481,经过处理的数据 / public-data surrogate; not author-run logs
IA-NSGA-III,1,1809036,29,1392,48,48,1.0,0.0,0.0,23,0.45362350360230164,0.7356991155047704,0.7949830056742639,0.7809799836983481,经过处理的数据 / public-data surrogate; not author-run logs
IA-NSGA-III,1,1809036,30,1440,48,48,1.0,0.0,0.0,25,0.45672560532702644,0.7361421264196962,0.7949830056742639,0.7854601605233319,经过处理的数据 / public-data surrogate; not author-run logs
IA-NSGA-III,2,1809037,1,48,48,46,0.9583333333333334,9.25185853854297e-18,2.220446049250313e-16,7,0.22066807035534303,0.5547090861925765,0.5659047841091505,0.7067310704423084,经过处理的数据 / public-data surrogate; not author-run logs
IA-NSGA-III,2,1809037,2,96,48,48,1.0,0.0,0.0,8,0.2270478418148971,0.56168297716398,0.5693158923055902,0.7139674338818641,经过处理的数据 / public-data surrogate; not author-run logs
IA-NSGA-III,2,1809037,3,144,48,48,1.0,0.0,0.0,10,0.24672021122070406,0.5743912228699865,0.6009025759140363,0.7238159464844344,经过处理的数据 / public-data surrogate; not author-run logs
IA-NSGA-III,2,1809037,4,192,48,48,1.0,0.0,0.0,7,0.2613316463174353,0.5880587883048248,0.6206460290798516,0.7238159464844344,经过处理的数据 / public-data surrogate; not author-run logs
IA-NSGA-III,2,1809037,5,240,48,48,1.0,0.0,0.0,9,0.2699688731784233,0.6069218945463283,0.6206460290798516,0.7238159464844344,经过处理的数据 / public-data surrogate; not author-run logs
IA-NSGA-III,2,1809037,6,288,48,48,1.0,0.0,0.0,11,0.2798757632356768,0.6102308477378018,0.6400914652869248,0.7238159464844344,经过处理的数据 / public-data surrogate; not author-run logs
IA-NSGA-III,2,1809037,7,336,48,48,1.0,0.0,0.0,17,0.2843129535402986,0.6130047967007773,0.6474344242185051,0.7238159464844344,经过处理的数据 / public-data surrogate; not author-run logs
IA-NSGA-III,2,1809037,8,384,48,48,1.0,0.0,0.0,11,0.2968941122147947,0.6176875144927669,0.6631817406344679,0.7351818053951409,经过处理的数据 / public-data surrogate; not author-run logs
IA-NSGA-III,2,1809037,9,432,48,48,1.0,0.0,0.0,13,0.3060211065898388,0.6263096433632953,0.6702490761229466,0.7351818053951409,经过处理的数据 / public-data surrogate; not author-run logs
IA-NSGA-III,2,1809037,10,480,48,48,1.0,0.0,0.0,15,0.3075764557395695,0.6282882560781509,0.6702490761229466,0.7351818053951409,经过处理的数据 / public-data surrogate; not author-run logs
IA-NSGA-III,2,1809037,11,528,48,48,1.0,0.0,0.0,19,0.31799943235369404,0.6355853204874524,0.677270360196504,0.7459577453994923,经过处理的数据 / public-data surrogate; not author-run logs
IA-NSGA-III,2,1809037,12,576,48,48,1.0,0.0,0.0,20,0.3210588298753727,0.6393257994973063,0.677270360196504,0.7474743581598058,经过处理的数据 / public-data surrogate; not author-run logs
IA-NSGA-III,2,1809037,13,624,48,48,1.0,0.0,0.0,20,0.32828586347994504,0.6512087038451724,0.677270360196504,0.7495575089053194,经过处理的数据 / public-data surrogate; not author-run logs
IA-NSGA-III,2,1809037,14,672,48,48,1.0,0.0,0.0,14,0.3401581774312082,0.6586356377332881,0.693480131134111,0.7495575089053194,经过处理的数据 / public-data surrogate; not author-run logs
IA-NSGA-III,2,1809037,15,720,48,48,1.0,0.0,0.0,22,0.3557296573963961,0.6701736870255179,0.7131336330974108,0.7509946348038556,经过处理的数据 / public-data surrogate; not author-run logs
IA-NSGA-III,2,1809037,16,768,48,48,1.0,0.0,0.0,23,0.3581436756470186,0.6701736870255179,0.7131336330974108,0.755513973696308,经过处理的数据 / public-data surrogate; not author-run logs
IA-NSGA-III,2,1809037,17,816,48,48,1.0,0.0,0.0,10,0.3618777538295874,0.6755916074628763,0.7131336330974108,0.7556070367752927,经过处理的数据 / public-data surrogate; not author-run logs
IA-NSGA-III,2,1809037,18,864,48,48,1.0,0.0,0.0,12,0.366660266154063,0.6767939753316443,0.7207501021789482,0.7556070367752927,经过处理的数据 / public-data surrogate; not author-run logs
IA-NSGA-III,2,1809037,19,912,48,48,1.0,0.0,0.0,21,0.3714613646836727,0.6860087615376764,0.7207501021789482,0.7556070367752927,经过处理的数据 / public-data surrogate; not author-run logs
IA-NSGA-III,2,1809037,20,960,48,48,1.0,0.0,0.0,26,0.3771502086047955,0.6876571029302001,0.727942409286246,0.7570402569043282,经过处理的数据 / public-data surrogate; not author-run logs
IA-NSGA-III,2,1809037,21,1008,48,48,1.0,0.0,0.0,26,0.38251747302096395,0.6927734499245222,0.727942409286246,0.7626443302428902,经过处理的数据 / public-data surrogate; not author-run logs
IA-NSGA-III,2,1809037,22,1056,48,48,1.0,0.0,0.0,25,0.388988072057938,0.6958591357630384,0.7364063544773364,0.7626443302428902,经过处理的数据 / public-data surrogate; not author-run logs
IA-NSGA-III,2,1809037,23,1104,48,48,1.0,0.0,0.0,21,0.3982212461992198,0.7059710652264745,0.7405797697438555,0.7656518994837543,经过处理的数据 / public-data surrogate; not author-run logs
IA-NSGA-III,2,1809037,24,1152,48,48,1.0,0.0,0.0,6,0.39924838409173563,0.7059710652264745,0.7405797697438555,0.7656831433172699,经过处理的数据 / public-data surrogate; not author-run logs
IA-NSGA-III,2,1809037,25,1200,48,48,1.0,0.0,0.0,14,0.4001711302839323,0.7059710652264745,0.7405797697438555,0.7675341682613043,经过处理的数据 / public-data surrogate; not author-run logs
IA-NSGA-III,2,1809037,26,1248,48,48,1.0,0.0,0.0,17,0.4032716002122757,0.7084960761868769,0.7435052242259264,0.7675341682613043,经过处理的数据 / public-data surrogate; not author-run logs
IA-NSGA-III,2,1809037,27,1296,48,48,1.0,0.0,0.0,22,0.4090152914494351,0.7150675233334478,0.747099353343458,0.7675341682613043,经过处理的数据 / public-data surrogate; not author-run logs
IA-NSGA-III,2,1809037,28,1344,48,48,1.0,0.0,0.0,18,0.41496180338588023,0.7150675233334478,0.7545299477635228,0.7708488813145832,经过处理的数据 / public-data surrogate; not author-run logs
IA-NSGA-III,2,1809037,29,1392,48,48,1.0,0.0,0.0,21,0.4245438222633542,0.7204931721982037,0.7608641254616272,0.7774436406482695,经过处理的数据 / public-data surrogate; not author-run logs
IA-NSGA-III,2,1809037,30,1440,48,48,1.0,0.0,0.0,13,0.42606037228402865,0.7209496452894192,0.7608641254616272,0.7780260333690915,经过处理的数据 / public-data surrogate; not author-run logs
IA-NSGA-III,3,1809038,1,48,48,48,1.0,0.0,0.0,7,0.2237769384989376,0.5626432562318692,0.5697268430645787,0.7011287101952305,经过处理的数据 / public-data surrogate; not author-run logs
IA-NSGA-III,3,1809038,2,96,48,48,1.0,0.0,0.0,7,0.22752935697944765,0.5626432562318692,0.5787091789346774,0.7011287101952305,经过处理的数据 / public-data surrogate; not author-run logs
IA-NSGA-III,3,1809038,3,144,48,48,1.0,0.0,0.0,10,0.23934107518798042,0.5636375062199127,0.5966505875185933,0.7163728837748237,经过处理的数据 / public-data surrogate; not author-run logs
IA-NSGA-III,3,1809038,4,192,48,48,1.0,0.0,0.0,11,0.2557098565919733,0.5828270986891945,0.619617419528962,0.7163728837748237,经过处理的数据 / public-data surrogate; not author-run logs
IA-NSGA-III,3,1809038,5,240,48,48,1.0,0.0,0.0,17,0.26263861487312945,0.5882810272083459,0.6251842732255677,0.7239994975367483,经过处理的数据 / public-data surrogate; not author-run logs
IA-NSGA-III,3,1809038,6,288,48,48,1.0,0.0,0.0,17,0.26639912314399566,0.5946215905024297,0.6251842732255677,0.7239994975367483,经过处理的数据 / public-data surrogate; not author-run logs
IA-NSGA-III,3,1809038,7,336,48,48,1.0,0.0,0.0,22,0.2773618015692309,0.6131823600444661,0.632021827181286,0.7239994975367483,经过处理的数据 / public-data surrogate; not author-run logs
IA-NSGA-III,3,1809038,8,384,48,48,1.0,0.0,0.0,18,0.2813259659728683,0.6131823600444661,0.6368126027954328,0.726638388502827,经过处理的数据 / public-data surrogate; not author-run logs
IA-NSGA-III,3,1809038,9,432,48,48,1.0,0.0,0.0,15,0.2961591928524107,0.6131823600444661,0.659312732695323,0.7392318726530765,经过处理的数据 / public-data surrogate; not author-run logs
IA-NSGA-III,3,1809038,10,480,48,48,1.0,0.0,0.0,9,0.3057325417026524,0.6332344154824064,0.659312732695323,0.7392318726530765,经过处理的数据 / public-data surrogate; not author-run logs
IA-NSGA-III,3,1809038,11,528,48,48,1.0,0.0,0.0,16,0.3061356583259457,0.6332344154824064,0.659312732695323,0.7392318726530765,经过处理的数据 / public-data surrogate; not author-run logs
IA-NSGA-III,3,1809038,12,576,48,48,1.0,0.0,0.0,16,0.3213958621715184,0.6341566308984738,0.6819034610360682,0.7508511427350784,经过处理的数据 / public-data surrogate; not author-run logs
IA-NSGA-III,3,1809038,13,624,48,48,1.0,0.0,0.0,13,0.34144250153459255,0.6605327364290176,0.6954413094334169,0.7529161721184157,经过处理的数据 / public-data surrogate; not author-run logs
IA-NSGA-III,3,1809038,14,672,48,48,1.0,0.0,0.0,17,0.3421917757078661,0.6605327364290176,0.6954413094334169,0.7532537929693336,经过处理的数据 / public-data surrogate; not author-run logs
IA-NSGA-III,3,1809038,15,720,48,48,1.0,0.0,0.0,20,0.3432841146057995,0.6605327364290176,0.695721670939451,0.7532537929693336,经过处理的数据 / public-data surrogate; not author-run logs
IA-NSGA-III,3,1809038,16,768,48,48,1.0,0.0,0.0,21,0.34569237839127165,0.6605327364290176,0.6994239169875924,0.7532537929693336,经过处理的数据 / public-data surrogate; not author-run logs
IA-NSGA-III,3,1809038,17,816,48,48,1.0,0.0,0.0,24,0.3500171712896741,0.661201822590269,0.7000840723625024,0.7602261776221637,经过处理的数据 / public-data surrogate; not author-run logs
IA-NSGA-III,3,1809038,18,864,48,48,1.0,0.0,0.0,20,0.35690968906700216,0.661201822590269,0.7108423905028659,0.7634760745753764,经过处理的数据 / public-data surrogate; not author-run logs
IA-NSGA-III,3,1809038,19,912,48,48,1.0,0.0,0.0,21,0.3617684334096516,0.6633190258557898,0.718708256757816,0.7634760745753764,经过处理的数据 / public-data surrogate; not author-run logs
IA-NSGA-III,3,1809038,20,960,48,48,1.0,0.0,0.0,18,0.36404673075544364,0.6667942591860113,0.718708256757816,0.7634760745753764,经过处理的数据 / public-data surrogate; not author-run logs
IA-NSGA-III,3,1809038,21,1008,48,48,1.0,0.0,0.0,14,0.3739425821624534,0.6737917810681373,0.7309502657783818,0.7634760745753764,经过处理的数据 / public-data surrogate; not author-run logs
IA-NSGA-III,3,1809038,22,1056,48,48,1.0,0.0,0.0,18,0.3800809440374172,0.6737917810681373,0.7422729644970953,0.7634760745753764,经过处理的数据 / public-data surrogate; not author-run logs
IA-NSGA-III,3,1809038,23,1104,48,48,1.0,0.0,0.0,19,0.39264458385641304,0.6893375305855067,0.7437742700534598,0.7707236010538032,经过处理的数据 / public-data surrogate; not author-run logs
IA-NSGA-III,3,1809038,24,1152,48,48,1.0,0.0,0.0,25,0.3966532985848455,0.692265039168817,0.7482892069785593,0.7707236010538032,经过处理的数据 / public-data surrogate; not author-run logs
IA-NSGA-III,3,1809038,25,1200,48,48,1.0,0.0,0.0,24,0.4056920882222713,0.6936878544154925,0.7594357075450877,0.7750667914153795,经过处理的数据 / public-data surrogate; not author-run logs
IA-NSGA-III,3,1809038,26,1248,48,48,1.0,0.0,0.0,16,0.4142094686295568,0.7021330212245674,0.7594357075450877,0.7813644918893623,经过处理的数据 / public-data surrogate; not author-run logs
IA-NSGA-III,3,1809038,27,1296,48,48,1.0,0.0,0.0,14,0.4227848322239136,0.7136547762616919,0.7624083635105656,0.7813644918893623,经过处理的数据 / public-data surrogate; not author-run logs
IA-NSGA-III,3,1809038,28,1344,48,48,1.0,0.0,0.0,21,0.4259237377330814,0.7136547762616919,0.7679988833531923,0.7813644918893623,经过处理的数据 / public-data surrogate; not author-run logs
IA-NSGA-III,3,1809038,29,1392,48,48,1.0,0.0,0.0,20,0.42914273547000903,0.7148074515739348,0.771594196829841,0.7821314859814479,经过处理的数据 / public-data surrogate; not author-run logs
IA-NSGA-III,3,1809038,30,1440,48,48,1.0,0.0,0.0,23,0.429648928260411,0.7148074515739348,0.771594196829841,0.7821314859814479,经过处理的数据 / public-data surrogate; not author-run logs
IA-NSGA-III,4,1809039,1,48,48,46,0.9583333333333334,0.004865588363827884,0.2335482414637382,3,0.23858089215727055,0.5831475144639743,0.5893529257056378,0.7016801721452512,经过处理的数据 / public-data surrogate; not author-run logs
IA-NSGA-III,4,1809039,2,96,48,48,1.0,0.0,0.0,7,0.24450700773099343,0.5831475144639743,0.6032373273390979,0.7016801721452512,经过处理的数据 / public-data surrogate; not author-run logs
IA-NSGA-III,4,1809039,3,144,48,48,1.0,0.0,0.0,11,0.2489654757501353,0.5831475144639743,0.612797211803264,0.7016801721452512,经过处理的数据 / public-data surrogate; not author-run logs
IA-NSGA-III,4,1809039,4,192,48,48,1.0,0.0,0.0,12,0.2541035213442941,0.5831475144639743,0.612797211803264,0.7170128877973849,经过处理的数据 / public-data surrogate; not author-run logs
IA-NSGA-III,4,1809039,5,240,48,48,1.0,0.0,0.0,15,0.26686461434059444,0.5868084648433164,0.6341212345577659,0.7258797616641843,经过处理的数据 / public-data surrogate; not author-run logs
IA-NSGA-III,4,1809039,6,288,48,48,1.0,0.0,0.0,7,0.2824809315975378,0.602092929271892,0.6509224916904294,0.7258797616641843,经过处理的数据 / public-data surrogate; not author-run logs
IA-NSGA-III,4,1809039,7,336,48,48,1.0,0.0,0.0,10,0.28642238132993525,0.6089236694842083,0.6509224916904294,0.7258797616641843,经过处理的数据 / public-data surrogate; not author-run logs
IA-NSGA-III,4,1809039,8,384,48,48,1.0,0.0,0.0,12,0.29598547948930387,0.6164391570234076,0.6650303540711158,0.7258797616641843,经过处理的数据 / public-data surrogate; not author-run logs
IA-NSGA-III,4,1809039,9,432,48,48,1.0,0.0,0.0,12,0.2967239234061931,0.6164391570234076,0.6650303540711158,0.7258797616641843,经过处理的数据 / public-data surrogate; not author-run logs
IA-NSGA-III,4,1809039,10,480,48,48,1.0,0.0,0.0,16,0.31453867888750786,0.6289129567439947,0.6915880237595395,0.7258797616641843,经过处理的数据 / public-data surrogate; not author-run logs
IA-NSGA-III,4,1809039,11,528,48,48,1.0,0.0,0.0,15,0.32042884280760364,0.6352683608758041,0.6915880237595395,0.732289234275017,经过处理的数据 / public-data surrogate; not author-run logs
IA-NSGA-III,4,1809039,12,576,48,48,1.0,0.0,0.0,11,0.33855083896172716,0.6485194954465461,0.7060667543711127,0.7446692114576585,经过处理的数据 / public-data surrogate; not author-run logs
IA-NSGA-III,4,1809039,13,624,48,48,1.0,0.0,0.0,7,0.339587305722296,0.6485194954465461,0.7060667543711127,0.7446692114576585,经过处理的数据 / public-data surrogate; not author-run logs
IA-NSGA-III,4,1809039,14,672,48,48,1.0,0.0,0.0,12,0.3505126507273647,0.6552332158861182,0.7218315084562844,0.7446692114576585,经过处理的数据 / public-data surrogate; not author-run logs
IA-NSGA-III,4,1809039,15,720,48,48,1.0,0.0,0.0,12,0.35299203606820523,0.6590976921071865,0.7218315084562844,0.7446692114576585,经过处理的数据 / public-data surrogate; not author-run logs
IA-NSGA-III,4,1809039,16,768,48,48,1.0,0.0,0.0,3,0.37322535667292084,0.6718787418104609,0.739027381822247,0.7542001242385074,经过处理的数据 / public-data surrogate; not author-run logs
IA-NSGA-III,4,1809039,17,816,48,48,1.0,0.0,0.0,10,0.37796727984924205,0.6718787418104609,0.7463515362833849,0.7564727388740944,经过处理的数据 / public-data surrogate; not author-run logs
IA-NSGA-III,4,1809039,18,864,48,48,1.0,0.0,0.0,5,0.386273007079804,0.6786337326511117,0.7540421331066299,0.7564727388740944,经过处理的数据 / public-data surrogate; not author-run logs
IA-NSGA-III,4,1809039,19,912,48,48,1.0,0.0,0.0,8,0.38799192455928644,0.6812024962144684,0.7540421331066299,0.7564727388740944,经过处理的数据 / public-data surrogate; not author-run logs
IA-NSGA-III,4,1809039,20,960,48,48,1.0,0.0,0.0,14,0.3903360013392355,0.6854710233673156,0.7540421331066299,0.7564727388740944,经过处理的数据 / public-data surrogate; not author-run logs
IA-NSGA-III,4,1809039,21,1008,48,48,1.0,0.0,0.0,8,0.3974438190429959,0.6854710233673156,0.7633011912220378,0.7605711820027301,经过处理的数据 / public-data surrogate; not author-run logs
IA-NSGA-III,4,1809039,22,1056,48,48,1.0,0.0,0.0,11,0.4133934156801448,0.6963093385501161,0.7737291895840784,0.7693424382946632,经过处理的数据 / public-data surrogate; not author-run logs
IA-NSGA-III,4,1809039,23,1104,48,48,1.0,0.0,0.0,9,0.42084373985213785,0.7082954354076816,0.7737291895840784,0.7693424382946632,经过处理的数据 / public-data surrogate; not author-run logs
IA-NSGA-III,4,1809039,24,1152,48,48,1.0,0.0,0.0,11,0.4285950961038154,0.7111639548881666,0.7849175822903063,0.7693424382946632,经过处理的数据 / public-data surrogate; not author-run logs
IA-NSGA-III,4,1809039,25,1200,48,48,1.0,0.0,0.0,11,0.43501786225117,0.7207226599915035,0.7859278249059503,0.7693424382946632,经过处理的数据 / public-data surrogate; not author-run logs
IA-NSGA-III,4,1809039,26,1248,48,48,1.0,0.0,0.0,11,0.4398031017928382,0.725212767066733,0.7859278249059503,0.7731138264670373,经过处理的数据 / public-data surrogate; not author-run logs
IA-NSGA-III,4,1809039,27,1296,48,48,1.0,0.0,0.0,10,0.44777161489109163,0.7334862496361018,0.7914040689681049,0.7731138264670373,经过处理的数据 / public-data surrogate; not author-run logs
IA-NSGA-III,4,1809039,28,1344,48,48,1.0,0.0,0.0,16,0.4489856390505724,0.7334862496361018,0.7914040689681049,0.7751274617109161,经过处理的数据 / public-data surrogate; not author-run logs
IA-NSGA-III,4,1809039,29,1392,48,48,1.0,0.0,0.0,13,0.45468287775647576,0.7410643084548787,0.7932612367384589,0.7751274617109161,经过处理的数据 / public-data surrogate; not author-run logs
IA-NSGA-III,4,1809039,30,1440,48,48,1.0,0.0,0.0,18,0.4568367883924791,0.7412191086422643,0.796690276970187,0.7751274617109161,经过处理的数据 / public-data surrogate; not author-run logs
IA-NSGA-III,5,1809040,1,48,48,45,0.9375,1.3877787807814457e-17,2.220446049250313e-16,8,0.2245248653214479,0.5529800168443622,0.571324442114091,0.7157640640295844,经过处理的数据 / public-data surrogate; not author-run logs
IA-NSGA-III,5,1809040,2,96,48,48,1.0,0.0,0.0,9,0.23358317904822118,0.5661890933218371,0.5802894648854902,0.7157640640295844,经过处理的数据 / public-data surrogate; not author-run logs
IA-NSGA-III,5,1809040,3,144,48,48,1.0,0.0,0.0,5,0.24266112232950104,0.5727895117784937,0.5952798876955386,0.7157640640295844,经过处理的数据 / public-data surrogate; not author-run logs
IA-NSGA-III,5,1809040,4,192,48,48,1.0,0.0,0.0,10,0.2553309564334625,0.5870575627529017,0.6057843710992988,0.7250772215660714,经过处理的数据 / public-data surrogate; not author-run logs
IA-NSGA-III,5,1809040,5,240,48,48,1.0,0.0,0.0,5,0.27014166589963434,0.5872206057210103,0.6392124218828372,0.7250772215660714,经过处理的数据 / public-data surrogate; not author-run logs
IA-NSGA-III,5,1809040,6,288,48,48,1.0,0.0,0.0,8,0.28995194075501535,0.6085830957955124,0.657275740629689,0.732601465624992,经过处理的数据 / public-data surrogate; not author-run logs
IA-NSGA-III,5,1809040,7,336,48,48,1.0,0.0,0.0,9,0.29177414833781384,0.6086034942816284,0.657275740629689,0.7345085947627734,经过处理的数据 / public-data surrogate; not author-run logs
IA-NSGA-III,5,1809040,8,384,48,48,1.0,0.0,0.0,12,0.29768032387755405,0.6196248240395296,0.657275740629689,0.7369314711003152,经过处理的数据 / public-data surrogate; not author-run logs
IA-NSGA-III,5,1809040,9,432,48,48,1.0,0.0,0.0,11,0.3065337171626104,0.6255829631269311,0.6648148363779213,0.741647612664229,经过处理的数据 / public-data surrogate; not author-run logs
IA-NSGA-III,5,1809040,10,480,48,48,1.0,0.0,0.0,12,0.3157382174052477,0.6274721703270711,0.6789310849666025,0.7462642853161238,经过处理的数据 / public-data surrogate; not author-run logs
IA-NSGA-III,5,1809040,11,528,48,48,1.0,0.0,0.0,13,0.32358120899261744,0.6375001427086892,0.6789310849666025,0.751429732184728,经过处理的数据 / public-data surrogate; not author-run logs
IA-NSGA-III,5,1809040,12,576,48,48,1.0,0.0,0.0,7,0.3418623326551689,0.6495661562470619,0.7035016533079791,0.751429732184728,经过处理的数据 / public-data surrogate; not author-run logs
IA-NSGA-III,5,1809040,13,624,48,48,1.0,0.0,0.0,10,0.34977911830201475,0.6655316395684999,0.7035016533079791,0.751429732184728,经过处理的数据 / public-data surrogate; not author-run logs
IA-NSGA-III,5,1809040,14,672,48,48,1.0,0.0,0.0,12,0.35188262097789536,0.6676112088291222,0.7043924766564041,0.751429732184728,经过处理的数据 / public-data surrogate; not author-run logs
IA-NSGA-III,5,1809040,15,720,48,48,1.0,0.0,0.0,15,0.35598457844151743,0.6676112088291222,0.7090356271075761,0.7546764365031144,经过处理的数据 / public-data surrogate; not author-run logs
IA-NSGA-III,5,1809040,16,768,48,48,1.0,0.0,0.0,20,0.3760160158386166,0.6800497934307014,0.7244373160509158,0.7694020836352957,经过处理的数据 / public-data surrogate; not author-run logs
IA-NSGA-III,5,1809040,17,816,48,48,1.0,0.0,0.0,19,0.37849374295210275,0.6800497934307014,0.7277895340234555,0.7694020836352957,经过处理的数据 / public-data surrogate; not author-run logs
IA-NSGA-III,5,1809040,18,864,48,48,1.0,0.0,0.0,24,0.380007511812454,0.6800497934307014,0.7295409449572167,0.7694020836352957,经过处理的数据 / public-data surrogate; not author-run logs
IA-NSGA-III,5,1809040,19,912,48,48,1.0,0.0,0.0,18,0.39322448960724943,0.6891588313863918,0.7453336092724678,0.7694020836352957,经过处理的数据 / public-data surrogate; not author-run logs
IA-NSGA-III,5,1809040,20,960,48,48,1.0,0.0,0.0,13,0.40249858529501376,0.6959369702338225,0.7504699023511915,0.7757798894599225,经过处理的数据 / public-data surrogate; not author-run logs
IA-NSGA-III,5,1809040,21,1008,48,48,1.0,0.0,0.0,20,0.4257688975849049,0.7144729968933986,0.769822174847361,0.7834375580636339,经过处理的数据 / public-data surrogate; not author-run logs
IA-NSGA-III,5,1809040,22,1056,48,48,1.0,0.0,0.0,19,0.43663851198106884,0.7245638507080241,0.7752183851775053,0.7874418148274545,经过处理的数据 / public-data surrogate; not author-run logs
IA-NSGA-III,5,1809040,23,1104,48,48,1.0,0.0,0.0,14,0.4381526362260454,0.7245638507080241,0.7752183851775053,0.7874418148274545,经过处理的数据 / public-data surrogate; not author-run logs
IA-NSGA-III,5,1809040,24,1152,48,48,1.0,0.0,0.0,13,0.43956896638777815,0.7245638507080241,0.7772387112313001,0.7874418148274545,经过处理的数据 / public-data surrogate; not author-run logs
IA-NSGA-III,5,1809040,25,1200,48,48,1.0,0.0,0.0,20,0.4435374989518847,0.725224118741052,0.778477000155534,0.7920101863729383,经过处理的数据 / public-data surrogate; not author-run logs
IA-NSGA-III,5,1809040,26,1248,48,48,1.0,0.0,0.0,28,0.4512172899041362,0.7310372150478653,0.7868417939522215,0.7920101863729383,经过处理的数据 / public-data surrogate; not author-run logs
IA-NSGA-III,5,1809040,27,1296,48,48,1.0,0.0,0.0,27,0.4518090244927351,0.7310372150478653,0.7868417939522215,0.7920101863729383,经过处理的数据 / public-data surrogate; not author-run logs
IA-NSGA-III,5,1809040,28,1344,48,48,1.0,0.0,0.0,18,0.4564312420844674,0.7310372150478653,0.7940795793623303,0.7920101863729383,经过处理的数据 / public-data surrogate; not author-run logs
IA-NSGA-III,5,1809040,29,1392,48,48,1.0,0.0,0.0,28,0.4628143082618019,0.7313353076381618,0.80514953970171,0.7920101863729383,经过处理的数据 / public-data surrogate; not author-run logs
IA-NSGA-III,5,1809040,30,1440,48,48,1.0,0.0,0.0,30,0.4666408257347269,0.7372345866157058,0.80514953970171,0.7920101863729383,经过处理的数据 / public-data surrogate; not author-run logs
NSGA-III,1,1909036,1,48,48,0,0.0,0.480290049921793,0.9201801430242638,11,0.19404973250780444,0.5327447578717304,0.5354811264608165,0.6826357346561129,经过处理的数据 / public-data surrogate; not author-run logs
NSGA-III,1,1909036,2,96,48,0,0.0,0.297878560070626,0.40773939530978187,10,0.1972129342315948,0.5340999828663013,0.5448413253053254,0.6794786185608379,经过处理的数据 / public-data surrogate; not author-run logs
NSGA-III,1,1909036,3,144,48,0,0.0,0.2158410293954305,0.29721845720228535,1,0.20413664491891714,0.540170651883725,0.5615139884432719,0.6730222280908158,经过处理的数据 / public-data surrogate; not author-run logs
NSGA-III,1,1909036,4,192,48,0,0.0,0.16128684814745106,0.21976776367480189,2,0.205741561888692,0.540170651883725,0.5615139884432719,0.6796772482459035,经过处理的数据 / public-data surrogate; not author-run logs
NSGA-III,1,1909036,5,240,48,1,0.020833333333333332,0.11260078213933696,0.1567675438089271,1,0.15639773245328228,0.490806119007867,0.4882928728577937,0.6525895246278705,经过处理的数据 / public-data surrogate; not author-run logs
NSGA-III,1,1909036,6,288,48,3,0.0625,0.07172921873166645,0.1299141511673807,2,0.17679784615018804,0.4937184077082366,0.5441421394280362,0.658400289963042,经过处理的数据 / public-data surrogate; not author-run logs
NSGA-III,1,1909036,7,336,48,10,0.20833333333333334,0.03259757370755511,0.07111247417569433,4,0.1845531828497484,0.5113537064710248,0.5441421394280362,0.6647840718757219,经过处理的数据 / public-data surrogate; not author-run logs
NSGA-III,1,1909036,8,384,48,22,0.4583333333333333,0.0076565293770468985,0.028741692717397793,3,0.19334573699704574,0.5137379261600618,0.5639300154490173,0.6681055182198365,经过处理的数据 / public-data surrogate; not author-run logs
NSGA-III,1,1909036,9,432,48,48,1.0,0.0,0.0,8,0.19617693368717667,0.5217341097425336,0.5639300154490173,0.6681055182198365,经过处理的数据 / public-data surrogate; not author-run logs
NSGA-III,1,1909036,10,480,48,48,1.0,0.0,0.0,8,0.20101111147227246,0.5316343434912447,0.5656678833009857,0.6700968728910236,经过处理的数据 / public-data surrogate; not author-run logs
NSGA-III,1,1909036,11,528,48,48,1.0,0.0,0.0,10,0.20286772237268602,0.5316343434912447,0.5710851914321389,0.6700968728910236,经过处理的数据 / public-data surrogate; not author-run logs
NSGA-III,1,1909036,12,576,48,48,1.0,0.0,0.0,13,0.20374439444167297,0.5317021584738667,0.5710851914321389,0.6726218289997977,经过处理的数据 / public-data surrogate; not author-run logs
NSGA-III,1,1909036,13,624,48,48,1.0,0.0,0.0,12,0.20931248170904765,0.5378340036268789,0.571895017874125,0.6825341781620414,经过处理的数据 / public-data surrogate; not author-run logs
NSGA-III,1,1909036,14,672,48,48,1.0,0.0,0.0,15,0.21375768521055624,0.5400461710765695,0.5812259910761676,0.6825341781620414,经过处理的数据 / public-data surrogate; not author-run logs
NSGA-III,1,1909036,15,720,48,48,1.0,0.0,0.0,11,0.21843064786570734,0.5477281622154034,0.5853179582813746,0.6825341781620414,经过处理的数据 / public-data surrogate; not author-run logs
NSGA-III,1,1909036,16,768,48,48,1.0,0.0,0.0,14,0.2321224925715349,0.5643452259273298,0.6024289555862754,0.6855984858187325,经过处理的数据 / public-data surrogate; not author-run logs
NSGA-III,1,1909036,17,816,48,48,1.0,0.0,0.0,17,0.23261568162078383,0.5643452259273298,0.6024289555862754,0.6866818698874287,经过处理的数据 / public-data surrogate; not author-run logs
NSGA-III,1,1909036,18,864,48,48,1.0,0.0,0.0,15,0.23325712774827584,0.5643452259273298,0.6024289555862754,0.6878089983865283,经过处理的数据 / public-data surrogate; not author-run logs
NSGA-III,1,1909036,19,912,48,48,1.0,0.0,0.0,9,0.24057646539439131,0.570117149740923,0.6151489287328298,0.6884353497055882,经过处理的数据 / public-data surrogate; not author-run logs
NSGA-III,1,1909036,20,960,48,48,1.0,0.0,0.0,15,0.25462982740965723,0.5828396301855803,0.6287254497952904,0.7008142278323284,经过处理的数据 / public-data surrogate; not author-run logs
NSGA-III,1,1909036,21,1008,48,48,1.0,0.0,0.0,19,0.2548552297345904,0.5828396301855803,0.6287254497952904,0.7008142278323284,经过处理的数据 / public-data surrogate; not author-run logs
NSGA-III,1,1909036,22,1056,48,48,1.0,0.0,0.0,13,0.2560377078450751,0.5830833522224552,0.6297791970556724,0.7008142278323284,经过处理的数据 / public-data surrogate; not author-run logs
NSGA-III,1,1909036,23,1104,48,48,1.0,0.0,0.0,11,0.2562581790138129,0.5830833522224552,0.6297791970556724,0.7008142278323284,经过处理的数据 / public-data surrogate; not author-run logs
NSGA-III,1,1909036,24,1152,48,48,1.0,0.0,0.0,14,0.2603621796945292,0.5896463413956404,0.6325229664632065,0.7008142278323284,经过处理的数据 / public-data surrogate; not author-run logs
NSGA-III,1,1909036,25,1200,48,48,1.0,0.0,0.0,17,0.26135695490673577,0.5896463413956404,0.6325229664632065,0.703335191637297,经过处理的数据 / public-data surrogate; not author-run logs
NSGA-III,1,1909036,26,1248,48,48,1.0,0.0,0.0,19,0.265043126004224,0.5926387923427753,0.6371763967038776,0.7043638580761269,经过处理的数据 / public-data surrogate; not author-run logs
NSGA-III,1,1909036,27,1296,48,48,1.0,0.0,0.0,25,0.26722244431042275,0.5976171472090391,0.6371763967038776,0.7043638580761269,经过处理的数据 / public-data surrogate; not author-run logs
NSGA-III,1,1909036,28,1344,48,48,1.0,0.0,0.0,16,0.26958619947415124,0.5999085902198671,0.6395763617990996,0.7043638580761269,经过处理的数据 / public-data surrogate; not author-run logs
NSGA-III,1,1909036,29,1392,48,48,1.0,0.0,0.0,15,0.27122102730718545,0.601224637633602,0.6395763617990996,0.7070210763836097,经过处理的数据 / public-data surrogate; not author-run logs
NSGA-III,1,1909036,30,1440,48,48,1.0,0.0,0.0,27,0.2715386090864574,0.601224637633602,0.6395763617990996,0.7076562658505109,经过处理的数据 / public-data surrogate; not author-run logs
NSGA-III,2,1909037,1,48,48,0,0.0,0.4644313706377634,0.9647774382813656,6,0.22616074896410357,0.570227098036567,0.5804776248122798,0.689224790175966,经过处理的数据 / public-data surrogate; not author-run logs
NSGA-III,2,1909037,2,96,48,2,0.041666666666666664,0.24985234387478897,0.3780186301761761,1,0.17030345912114292,0.5126252082552489,0.5043890520570634,0.658654796794551,经过处理的数据 / public-data surrogate; not author-run logs
NSGA-III,2,1909037,3,144,48,6,0.125,0.15339678943498572,0.25000436617830757,1,0.1791381125302817,0.5259564376931046,0.5135782638953402,0.663180249676509,经过处理的数据 / public-data surrogate; not author-run logs
NSGA-III,2,1909037,4,192,48,12,0.25,0.06833511743343677,0.16408261067467178,3,0.1858021608630395,0.5259564376931046,0.5135782638953402,0.6911822997006895,经过处理的数据 / public-data surrogate; not author-run logs
NSGA-III,2,1909037,5,240,48,29,0.6041666666666666,0.010637147878848438,0.04717864832423002,5,0.18968190371231997,0.5259564376931046,0.5249743831023022,0.6911822997006895,经过处理的数据 / public-data surrogate; not author-run logs
NSGA-III,2,1909037,6,288,48,48,1.0,0.0,0.0,7,0.1928794382804095,0.5298277641834094,0.5300316867757981,0.6911822997006895,经过处理的数据 / public-data surrogate; not author-run logs
NSGA-III,2,1909037,7,336,48,48,1.0,0.0,0.0,11,0.19677744671091557,0.5298277641834094,0.5408073559300833,0.6911822997006895,经过处理的数据 / public-data surrogate; not author-run logs
NSGA-III,2,1909037,8,384,48,48,1.0,0.0,0.0,11,0.20128330673341666,0.5329130485567952,0.5497107812454195,0.6911822997006895,经过处理的数据 / public-data surrogate; not author-run logs
NSGA-III,2,1909037,9,432,48,48,1.0,0.0,0.0,12,0.20158707279724417,0.5329130485567952,0.5497107812454195,0.691659230709595,经过处理的数据 / public-data surrogate; not author-run logs
NSGA-III,2,1909037,10,480,48,48,1.0,0.0,0.0,16,0.20295578810264533,0.5345193098189344,0.5515585177599321,0.691659230709595,经过处理的数据 / public-data surrogate; not author-run logs
NSGA-III,2,1909037,11,528,48,48,1.0,0.0,0.0,6,0.20646214209322092,0.5427912663206677,0.5515585177599321,0.691659230709595,经过处理的数据 / public-data surrogate; not author-run logs
NSGA-III,2,1909037,12,576,48,48,1.0,0.0,0.0,6,0.21707824225372258,0.5557247440005776,0.5673169690133362,0.691659230709595,经过处理的数据 / public-data surrogate; not author-run logs
NSGA-III,2,1909037,13,624,48,48,1.0,0.0,0.0,8,0.2174537132336417,0.5557247440005776,0.5673169690133362,0.691659230709595,经过处理的数据 / public-data surrogate; not author-run logs
NSGA-III,2,1909037,14,672,48,48,1.0,0.0,0.0,6,0.22044455542558336,0.5557247440005776,0.5673169690133362,0.7020251591498541,经过处理的数据 / public-data surrogate; not author-run logs
NSGA-III,2,1909037,15,720,48,48,1.0,0.0,0.0,14,0.22220074306196977,0.560361602672284,0.5673169690133362,0.7020251591498541,经过处理的数据 / public-data surrogate; not author-run logs
NSGA-III,2,1909037,16,768,48,48,1.0,0.0,0.0,21,0.22791728885233362,0.5645359902434627,0.577769732633647,0.7020251591498541,经过处理的数据 / public-data surrogate; not author-run logs
NSGA-III,2,1909037,17,816,48,48,1.0,0.0,0.0,20,0.23556909090802686,0.5747548546686105,0.5867107421233979,0.7020251591498541,经过处理的数据 / public-data surrogate; not author-run logs
NSGA-III,2,1909037,18,864,48,48,1.0,0.0,0.0,12,0.23616901549455804,0.5747548546686105,0.5867107421233979,0.7026849554414433,经过处理的数据 / public-data surrogate; not author-run logs
NSGA-III,2,1909037,19,912,48,48,1.0,0.0,0.0,13,0.24266502355757036,0.5854805588208986,0.5904169371258091,0.7040867417495005,经过处理的数据 / public-data surrogate; not author-run logs
NSGA-III,2,1909037,20,960,48,48,1.0,0.0,0.0,18,0.24412386772917366,0.5854805588208986,0.5904169371258091,0.7088338713568868,经过处理的数据 / public-data surrogate; not author-run logs
NSGA-III,2,1909037,21,1008,48,48,1.0,0.0,0.0,18,0.2496613918245902,0.588480325504374,0.6007568515869347,0.7088338713568868,经过处理的数据 / public-data surrogate; not author-run logs
NSGA-III,2,1909037,22,1056,48,48,1.0,0.0,0.0,11,0.251533505728253,0.588480325504374,0.6023632416966224,0.7118666565833542,经过处理的数据 / public-data surrogate; not author-run logs
NSGA-III,2,1909037,23,1104,48,48,1.0,0.0,0.0,18,0.2527575858737195,0.588480325504374,0.6032666530474916,0.714020317221332,经过处理的数据 / public-data surrogate; not author-run logs
NSGA-III,2,1909037,24,1152,48,48,1.0,0.0,0.0,22,0.2541015553515433,0.5898863328581962,0.6032666530474916,0.7159368622205375,经过处理的数据 / public-data surrogate; not author-run logs
NSGA-III,2,1909037,25,1200,48,48,1.0,0.0,0.0,11,0.27399867443938347,0.6073974694941843,0.6338735837566911,0.7159368622205375,经过处理的数据 / public-data surrogate; not author-run logs
NSGA-III,2,1909037,26,1248,48,48,1.0,0.0,0.0,14,0.27452319207401343,0.6073974694941843,0.6338735837566911,0.716163835618623,经过处理的数据 / public-data surrogate; not author-run logs
NSGA-III,2,1909037,27,1296,48,48,1.0,0.0,0.0,18,0.2792331209261436,0.6158505011343937,0.6347735027889899,0.717465307262253,经过处理的数据 / public-data surrogate; not author-run logs
NSGA-III,2,1909037,28,1344,48,48,1.0,0.0,0.0,20,0.2802551330207457,0.6158505011343937,0.6347735027889899,0.7198270265377308,经过处理的数据 / public-data surrogate; not author-run logs
NSGA-III,2,1909037,29,1392,48,48,1.0,0.0,0.0,15,0.2805506567880041,0.6158505011343937,0.6347735027889899,0.7202450970332356,经过处理的数据 / public-data surrogate; not author-run logs
NSGA-III,2,1909037,30,1440,48,48,1.0,0.0,0.0,12,0.28116288666871436,0.6158505011343937,0.6347735027889899,0.7212843846176067,经过处理的数据 / public-data surrogate; not author-run logs
NSGA-III,3,1909038,1,48,48,0,0.0,0.5047065695385886,1.013111129128122,3,0.20264896657177447,0.547737177457474,0.5384856459524544,0.6874424260831761,经过处理的数据 / public-data surrogate; not author-run logs
NSGA-III,3,1909038,2,96,48,1,0.020833333333333332,0.26377999633852695,0.4287070684252321,1,0.16280759507376255,0.4958403793920967,0.5139685049913911,0.6388461220408777,经过处理的数据 / public-data surrogate; not author-run logs
NSGA-III,3,1909038,3,144,48,1,0.020833333333333332,0.16146149172475655,0.2453493089413341,1,0.16280759507376255,0.4958403793920967,0.5139685049913911,0.6388461220408777,经过处理的数据 / public-data surrogate; not author-run logs
NSGA-III,3,1909038,4,192,48,3,0.0625,0.08815364930001428,0.1685216017151332,2,0.17237123980767996,0.49862207499580263,0.5139685049913911,0.6732465840765545,经过处理的数据 / public-data surrogate; not author-run logs
NSGA-III,3,1909038,5,240,48,10,0.20833333333333334,0.030712064154923304,0.07183822201699841,5,0.1796357720790336,0.49862207499580263,0.5195911204254057,0.6956454307048645,经过处理的数据 / public-data surrogate; not author-run logs
NSGA-III,3,1909038,6,288,48,22,0.4583333333333333,0.008401809433105556,0.027064321356778498,5,0.17971029328054514,0.4986808255474815,0.5195911204254057,0.6956454307048645,经过处理的数据 / public-data surrogate; not author-run logs
NSGA-III,3,1909038,7,336,48,44,0.9166666666666666,0.00018656049398236194,0.0066525923268263565,3,0.19472042537320536,0.5170921011476988,0.5436263406780234,0.6956454307048645,经过处理的数据 / public-data surrogate; not author-run logs
NSGA-III,3,1909038,8,384,48,48,1.0,0.0,0.0,5,0.19632503419423394,0.5206148676946373,0.5442023221494755,0.6956454307048645,经过处理的数据 / public-data surrogate; not author-run logs
NSGA-III,3,1909038,9,432,48,48,1.0,0.0,0.0,8,0.19857774988390733,0.5206148676946373,0.5490994362344138,0.6974296636393164,经过处理的数据 / public-data surrogate; not author-run logs
NSGA-III,3,1909038,10,480,48,48,1.0,0.0,0.0,11,0.20335759544493953,0.5287596566459234,0.553982934224603,0.6974296636393164,经过处理的数据 / public-data surrogate; not author-run logs
NSGA-III,3,1909038,11,528,48,48,1.0,0.0,0.0,10,0.20575232156905657,0.5287596566459234,0.553982934224603,0.7060709099734468,经过处理的数据 / public-data surrogate; not author-run logs
NSGA-III,3,1909038,12,576,48,48,1.0,0.0,0.0,18,0.20899283426307197,0.5351441000514239,0.556239729684129,0.7060709099734468,经过处理的数据 / public-data surrogate; not author-run logs
NSGA-III,3,1909038,13,624,48,48,1.0,0.0,0.0,20,0.21783224642146898,0.5462644335651232,0.5675942823561916,0.7079545586443879,经过处理的数据 / public-data surrogate; not author-run logs
NSGA-III,3,1909038,14,672,48,48,1.0,0.0,0.0,18,0.22398660771883283,0.5468953646263108,0.5783942238092165,0.7140009613503673,经过处理的数据 / public-data surrogate; not author-run logs
NSGA-III,3,1909038,15,720,48,48,1.0,0.0,0.0,21,0.2242669444531191,0.5468953646263108,0.5783942238092165,0.7140009613503673,经过处理的数据 / public-data surrogate; not author-run logs
NSGA-III,3,1909038,16,768,48,48,1.0,0.0,0.0,9,0.22590055249443683,0.549574865674422,0.5783942238092165,0.7140009613503673,经过处理的数据 / public-data surrogate; not author-run logs
NSGA-III,3,1909038,17,816,48,48,1.0,0.0,0.0,10,0.23052398638203828,0.5537918061401579,0.585461947546718,0.7140009613503673,经过处理的数据 / public-data surrogate; not author-run logs
NSGA-III,3,1909038,18,864,48,48,1.0,0.0,0.0,9,0.23121962893792525,0.5551001847968149,0.585461947546718,0.7140009613503673,经过处理的数据 / public-data surrogate; not author-run logs
NSGA-III,3,1909038,19,912,48,48,1.0,0.0,0.0,15,0.23259020217857435,0.5551001847968149,0.585461947546718,0.7184822319551438,经过处理的数据 / public-data surrogate; not author-run logs
NSGA-III,3,1909038,20,960,48,48,1.0,0.0,0.0,10,0.23704175222225554,0.5574199726687649,0.5938085686605239,0.7184822319551438,经过处理的数据 / public-data surrogate; not author-run logs
NSGA-III,3,1909038,21,1008,48,48,1.0,0.0,0.0,15,0.2398111067223802,0.5640372686184849,0.5938085686605239,0.7184822319551438,经过处理的数据 / public-data surrogate; not author-run logs
NSGA-III,3,1909038,22,1056,48,48,1.0,0.0,0.0,14,0.24111423850942104,0.5640372686184849,0.5965418152587766,0.7184822319551438,经过处理的数据 / public-data surrogate; not author-run logs
NSGA-III,3,1909038,23,1104,48,48,1.0,0.0,0.0,9,0.24197749759119275,0.5640372686184849,0.597505482016598,0.7190457952249529,经过处理的数据 / public-data surrogate; not author-run logs
NSGA-III,3,1909038,24,1152,48,48,1.0,0.0,0.0,11,0.24781262966025946,0.5709675965533624,0.6048978203137256,0.7190457952249529,经过处理的数据 / public-data surrogate; not author-run logs
NSGA-III,3,1909038,25,1200,48,48,1.0,0.0,0.0,20,0.24982169015088052,0.5734577728610046,0.6048978203137256,0.7214062538071251,经过处理的数据 / public-data surrogate; not author-run logs
NSGA-III,3,1909038,26,1248,48,48,1.0,0.0,0.0,17,0.2540700773876272,0.5764892187480464,0.6120092223779391,0.7214062538071251,经过处理的数据 / public-data surrogate; not author-run logs
NSGA-III,3,1909038,27,1296,48,48,1.0,0.0,0.0,14,0.2584977158079606,0.5799521670942925,0.6178030805787148,0.722854263769225,经过处理的数据 / public-data surrogate; not author-run logs
NSGA-III,3,1909038,28,1344,48,48,1.0,0.0,0.0,13,0.26682844218297275,0.587063450435005,0.6280098749867254,0.7259497599111548,经过处理的数据 / public-data surrogate; not author-run logs
NSGA-III,3,1909038,29,1392,48,48,1.0,0.0,0.0,18,0.270729733921872,0.5912905422783385,0.6325220128094031,0.7259497599111548,经过处理的数据 / public-data surrogate; not author-run logs
NSGA-III,3,1909038,30,1440,48,48,1.0,0.0,0.0,9,0.27095864445406226,0.5912905422783385,0.6325220128094031,0.7259497599111548,经过处理的数据 / public-data surrogate; not author-run logs
NSGA-III,4,1909039,1,48,48,0,0.0,0.5136354644431025,1.0454802254145072,6,0.20621535952399472,0.5455793380575757,0.5519978574427647,0.6881332367348527,经过处理的数据 / public-data surrogate; not author-run logs
NSGA-III,4,1909039,2,96,48,1,0.020833333333333332,0.2799789082203882,0.43352489643788394,1,0.17682894926819712,0.49654945322006,0.5429737318757814,0.6558613500232758,经过处理的数据 / public-data surrogate; not author-run logs
NSGA-III,4,1909039,3,144,48,4,0.08333333333333333,0.15738809260826844,0.259124542146449,2,0.19578772090838747,0.5260748386434759,0.5584431403257799,0.6691547495736816,经过处理的数据 / public-data surrogate; not author-run logs
NSGA-III,4,1909039,4,192,48,9,0.1875,0.06996599379151099,0.16671910273991553,4,0.19895588493512362,0.5339323456243389,0.5584431403257799,0.6691547495736816,经过处理的数据 / public-data surrogate; not author-run logs
NSGA-III,4,1909039,5,240,48,21,0.4375,0.01611737774494122,0.05164224608216328,4,0.2035722888883942,0.5450292826150869,0.5584431403257799,0.6692931592701163,经过处理的数据 / public-data surrogate; not author-run logs
NSGA-III,4,1909039,6,288,48,46,0.9583333333333334,0.00024112619353728235,0.005930661555651806,6,0.20513122715010776,0.5450292826150869,0.5584431403257799,0.6753324206133484,经过处理的数据 / public-data surrogate; not author-run logs
NSGA-III,4,1909039,7,336,48,48,1.0,0.0,0.0,6,0.20746383127287876,0.5506896786994936,0.5584431403257799,0.6753324206133484,经过处理的数据 / public-data surrogate; not author-run logs
NSGA-III,4,1909039,8,384,48,48,1.0,0.0,0.0,6,0.2136198664934263,0.5521816627324917,0.5692557703821399,0.6804106255540725,经过处理的数据 / public-data surrogate; not author-run logs
NSGA-III,4,1909039,9,432,48,48,1.0,0.0,0.0,8,0.214635424152368,0.5521816627324917,0.5718773754216857,0.6804106255540725,经过处理的数据 / public-data surrogate; not author-run logs
NSGA-III,4,1909039,10,480,48,48,1.0,0.0,0.0,14,0.2156363118998776,0.5546506991302693,0.5718773754216857,0.6804106255540725,经过处理的数据 / public-data surrogate; not author-run logs
NSGA-III,4,1909039,11,528,48,48,1.0,0.0,0.0,18,0.2167056129675418,0.5558934901780483,0.5736545915214469,0.6804106255540725,经过处理的数据 / public-data surrogate; not author-run logs
NSGA-III,4,1909039,12,576,48,48,1.0,0.0,0.0,9,0.23670312589051173,0.5768213183330057,0.597736746181446,0.6887920645393732,经过处理的数据 / public-data surrogate; not author-run logs
NSGA-III,4,1909039,13,624,48,48,1.0,0.0,0.0,14,0.2368925396657603,0.5768213183330057,0.597736746181446,0.6887920645393732,经过处理的数据 / public-data surrogate; not author-run logs
NSGA-III,4,1909039,14,672,48,48,1.0,0.0,0.0,12,0.23698554343291733,0.5768213183330057,0.597736746181446,0.6887920645393732,经过处理的数据 / public-data surrogate; not author-run logs
NSGA-III,4,1909039,15,720,48,48,1.0,0.0,0.0,13,0.23841032659087535,0.5768213183330057,0.597736746181446,0.6934915089408059,经过处理的数据 / public-data surrogate; not author-run logs
NSGA-III,4,1909039,16,768,48,48,1.0,0.0,0.0,14,0.24124932464469298,0.5792710339470445,0.6006702324998572,0.6948392329656776,经过处理的数据 / public-data surrogate; not author-run logs
NSGA-III,4,1909039,17,816,48,48,1.0,0.0,0.0,16,0.24141129766565453,0.5792710339470445,0.6006702324998572,0.6950231571305028,经过处理的数据 / public-data surrogate; not author-run logs
NSGA-III,4,1909039,18,864,48,48,1.0,0.0,0.0,17,0.2541520639693411,0.5880869730105345,0.6217588827476652,0.6977600078671156,经过处理的数据 / public-data surrogate; not author-run logs
NSGA-III,4,1909039,19,912,48,48,1.0,0.0,0.0,16,0.2544481040748346,0.5880869730105345,0.6217588827476652,0.6977600078671156,经过处理的数据 / public-data surrogate; not author-run logs
NSGA-III,4,1909039,20,960,48,48,1.0,0.0,0.0,2,0.26135705147913346,0.594981976588113,0.6292577032838849,0.6983070158993923,经过处理的数据 / public-data surrogate; not author-run logs
NSGA-III,4,1909039,21,1008,48,48,1.0,0.0,0.0,2,0.2619727604674652,0.594981976588113,0.6292577032838849,0.700093432561796,经过处理的数据 / public-data surrogate; not author-run logs
NSGA-III,4,1909039,22,1056,48,48,1.0,0.0,0.0,4,0.26796149462846497,0.6031849398944193,0.6292577032838849,0.7067663586325467,经过处理的数据 / public-data surrogate; not author-run logs
NSGA-III,4,1909039,23,1104,48,48,1.0,0.0,0.0,6,0.27262739239320855,0.6095350842408374,0.633691687169482,0.7067663586325467,经过处理的数据 / public-data surrogate; not author-run logs
NSGA-III,4,1909039,24,1152,48,48,1.0,0.0,0.0,10,0.27978754203922573,0.612139880155677,0.647890747095383,0.7067663586325467,经过处理的数据 / public-data surrogate; not author-run logs
NSGA-III,4,1909039,25,1200,48,48,1.0,0.0,0.0,10,0.2800243392653541,0.6121482757979213,0.647890747095383,0.7067663586325467,经过处理的数据 / public-data surrogate; not author-run logs
NSGA-III,4,1909039,26,1248,48,48,1.0,0.0,0.0,9,0.2911474919028107,0.6266094274013245,0.6583883128405761,0.7067663586325467,经过处理的数据 / public-data surrogate; not author-run logs
NSGA-III,4,1909039,27,1296,48,48,1.0,0.0,0.0,6,0.29237938233798527,0.6266094274013245,0.6583883128405761,0.709811114840395,经过处理的数据 / public-data surrogate; not author-run logs
NSGA-III,4,1909039,28,1344,48,48,1.0,0.0,0.0,7,0.2925581727587462,0.6266094274013245,0.6583883128405761,0.7101465172337239,经过处理的数据 / public-data surrogate; not author-run logs
NSGA-III,4,1909039,29,1392,48,48,1.0,0.0,0.0,9,0.29402793450876713,0.6266094274013245,0.6583883128405761,0.7137715989107045,经过处理的数据 / public-data surrogate; not author-run logs
NSGA-III,4,1909039,30,1440,48,48,1.0,0.0,0.0,16,0.29426809763431344,0.6266094274013245,0.6583883128405761,0.7141719888918807,经过处理的数据 / public-data surrogate; not author-run logs
NSGA-III,5,1909040,1,48,48,0,0.0,0.4321860913965487,0.9246000410611737,10,0.21023998057966314,0.549366593398782,0.5691056528528834,0.6783272567176114,经过处理的数据 / public-data surrogate; not author-run logs
NSGA-III,5,1909040,2,96,48,1,0.020833333333333332,0.25455603393837883,0.3884701078930508,1,0.16165444116246894,0.49651236679206445,0.49254962285634285,0.6610093149616496,经过处理的数据 / public-data surrogate; not author-run logs
NSGA-III,5,1909040,3,144,48,2,0.041666666666666664,0.15217181600925214,0.2740921123559119,2,0.16611052220206357,0.49651236679206445,0.5065335821797305,0.6610093149616496,经过处理的数据 / public-data surrogate; not author-run logs
NSGA-III,5,1909040,4,192,48,4,0.08333333333333333,0.07232083323788784,0.1492742720321525,4,0.1720313855248617,0.49651236679206445,0.5250288803395115,0.6610093149616496,经过处理的数据 / public-data surrogate; not author-run logs
NSGA-III,5,1909040,5,240,48,13,0.2708333333333333,0.025139116245988868,0.07481400641462344,3,0.17626162571946336,0.5030758830181277,0.5250288803395115,0.6679261474100917,经过处理的数据 / public-data surrogate; not author-run logs
NSGA-III,5,1909040,6,288,48,30,0.625,0.0036877570015738472,0.020034218384142877,3,0.186668771884487,0.514546415107321,0.5336087759776363,0.6804423412243122,经过处理的数据 / public-data surrogate; not author-run logs
NSGA-III,5,1909040,7,336,48,48,1.0,0.0,0.0,6,0.18855674138684092,0.514546415107321,0.5338967898215466,0.6875606754457938,经过处理的数据 / public-data surrogate; not author-run logs
NSGA-III,5,1909040,8,384,48,48,1.0,0.0,0.0,6,0.19811502746693294,0.5251228744850305,0.5504305870578065,0.6875606754457938,经过处理的数据 / public-data surrogate; not author-run logs
NSGA-III,5,1909040,9,432,48,48,1.0,0.0,0.0,10,0.20864755481624916,0.5338155348659986,0.5718268159477012,0.6875606754457938,经过处理的数据 / public-data surrogate; not author-run logs
NSGA-III,5,1909040,10,480,48,48,1.0,0.0,0.0,11,0.21040857024668935,0.5338155348659986,0.5718268159477012,0.69313755794917,经过处理的数据 / public-data surrogate; not author-run logs
NSGA-III,5,1909040,11,528,48,48,1.0,0.0,0.0,13,0.22892540528341443,0.5520033559333999,0.5980072035666459,0.697729098836796,经过处理的数据 / public-data surrogate; not author-run logs
NSGA-III,5,1909040,12,576,48,48,1.0,0.0,0.0,17,0.23001044098704954,0.5520033559333999,0.6001431791205283,0.697729098836796,经过处理的数据 / public-data surrogate; not author-run logs
NSGA-III,5,1909040,13,624,48,48,1.0,0.0,0.0,9,0.2363699247374645,0.5540447554895115,0.6001431791205283,0.7185524187582951,经过处理的数据 / public-data surrogate; not author-run logs
NSGA-III,5,1909040,14,672,48,48,1.0,0.0,0.0,9,0.23679846768495738,0.5540447554895115,0.6001431791205283,0.7185524187582951,经过处理的数据 / public-data surrogate; not author-run logs
NSGA-III,5,1909040,15,720,48,48,1.0,0.0,0.0,15,0.23797617132198373,0.5568693339117613,0.6001431791205283,0.7185524187582951,经过处理的数据 / public-data surrogate; not author-run logs
NSGA-III,5,1909040,16,768,48,48,1.0,0.0,0.0,13,0.23974930091596297,0.5568693339117613,0.6040483473365632,0.7185524187582951,经过处理的数据 / public-data surrogate; not author-run logs
NSGA-III,5,1909040,17,816,48,48,1.0,0.0,0.0,11,0.2462533222160986,0.5568693339117613,0.6132612236570544,0.7281165403800609,经过处理的数据 / public-data surrogate; not author-run logs
NSGA-III,5,1909040,18,864,48,48,1.0,0.0,0.0,13,0.24682026116439754,0.5571708562908051,0.6132612236570544,0.7281165403800609,经过处理的数据 / public-data surrogate; not author-run logs
NSGA-III,5,1909040,19,912,48,48,1.0,0.0,0.0,13,0.25698748470765137,0.5775330466101068,0.6165698227146059,0.7281165403800609,经过处理的数据 / public-data surrogate; not author-run logs
NSGA-III,5,1909040,20,960,48,48,1.0,0.0,0.0,17,0.2571585954653717,0.5775330466101068,0.6165698227146059,0.7281165403800609,经过处理的数据 / public-data surrogate; not author-run logs
NSGA-III,5,1909040,21,1008,48,48,1.0,0.0,0.0,9,0.2582041937212428,0.5775330466101068,0.6165698227146059,0.7281165403800609,经过处理的数据 / public-data surrogate; not author-run logs
NSGA-III,5,1909040,22,1056,48,48,1.0,0.0,0.0,4,0.261041368769103,0.5775330466101068,0.6208233195393367,0.7305221264998127,经过处理的数据 / public-data surrogate; not author-run logs
NSGA-III,5,1909040,23,1104,48,48,1.0,0.0,0.0,6,0.26684587587032516,0.5834949172928905,0.6278757076486612,0.7305221264998127,经过处理的数据 / public-data surrogate; not author-run logs
NSGA-III,5,1909040,24,1152,48,48,1.0,0.0,0.0,10,0.26952530861976143,0.5874935403022935,0.6278757076486612,0.73291089904264,经过处理的数据 / public-data surrogate; not author-run logs
NSGA-III,5,1909040,25,1200,48,48,1.0,0.0,0.0,13,0.27026446473248267,0.5874935403022935,0.6294607733476782,0.73291089904264,经过处理的数据 / public-data surrogate; not author-run logs
NSGA-III,5,1909040,26,1248,48,48,1.0,0.0,0.0,14,0.27255057627784507,0.5874935403022935,0.6345458209691852,0.732954160403777,经过处理的数据 / public-data surrogate; not author-run logs
NSGA-III,5,1909040,27,1296,48,48,1.0,0.0,0.0,13,0.2764385827737107,0.5898778006612733,0.6380732869344168,0.7362403816677627,经过处理的数据 / public-data surrogate; not author-run logs
NSGA-III,5,1909040,28,1344,48,48,1.0,0.0,0.0,15,0.27901191346691046,0.593865571333018,0.6386071463934412,0.7376939088851141,经过处理的数据 / public-data surrogate; not author-run logs
NSGA-III,5,1909040,29,1392,48,48,1.0,0.0,0.0,20,0.2822202174802344,0.59613780627523,0.6430751414577905,0.7385165189648484,经过处理的数据 / public-data surrogate; not author-run logs
NSGA-III,5,1909040,30,1440,48,48,1.0,0.0,0.0,15,0.2845234950665373,0.59613780627523,0.6465533869120805,0.7403669191500027,经过处理的数据 / public-data surrogate; not author-run logs
NSGA-II,1,2009036,1,48,48,0,0.0,0.45785370592788505,0.9326937720634023,6,0.21148100064043893,0.5509805674734416,0.5701028420176902,0.6768250739637367,经过处理的数据 / public-data surrogate; not author-run logs
NSGA-II,1,2009036,2,96,48,0,0.0,0.25311805770220763,0.3675353330398363,4,0.20116155734710983,0.5460710230495663,0.540070667446109,0.6833431960174093,经过处理的数据 / public-data surrogate; not author-run logs
NSGA-II,1,2009036,3,144,48,0,0.0,0.15303196330350552,0.25114785974823306,5,0.19821854460573257,0.5312684363673839,0.5471158677724283,0.6833431960174093,经过处理的数据 / public-data surrogate; not author-run logs
NSGA-II,1,2009036,4,192,48,2,0.041666666666666664,0.08722422311049206,0.14852718911101426,2,0.17605139813848356,0.5020405425003784,0.5389705508327332,0.6520530700114713,经过处理的数据 / public-data surrogate; not author-run logs
NSGA-II,1,2009036,5,240,48,8,0.16666666666666666,0.03471880842039481,0.07517848893916912,3,0.18031480333779826,0.507848771172896,0.5389705508327332,0.6592749033472739,经过处理的数据 / public-data surrogate; not author-run logs
NSGA-II,1,2009036,6,288,48,19,0.3958333333333333,0.012043243212569827,0.03843128378542504,6,0.1839305970425297,0.5086139018791437,0.5389705508327332,0.6728772338326463,经过处理的数据 / public-data surrogate; not author-run logs
NSGA-II,1,2009036,7,336,48,42,0.875,0.00021159763588216493,0.0031970251050215115,10,0.19267014953126366,0.5256087733375058,0.5466372879619625,0.6728772338326463,经过处理的数据 / public-data surrogate; not author-run logs
NSGA-II,1,2009036,8,384,48,48,1.0,0.0,0.0,9,0.20822731224130725,0.5467381544556229,0.5660571569108203,0.6754871415936536,经过处理的数据 / public-data surrogate; not author-run logs
NSGA-II,1,2009036,9,432,48,48,1.0,0.0,0.0,10,0.22322045737740417,0.5639021053664255,0.589410606945141,0.6754871415936536,经过处理的数据 / public-data surrogate; not author-run logs
NSGA-II,1,2009036,10,480,48,48,1.0,0.0,0.0,12,0.23235474543541884,0.5803518616657617,0.5955626680347537,0.6771313644077617,经过处理的数据 / public-data surrogate; not author-run logs
NSGA-II,1,2009036,11,528,48,48,1.0,0.0,0.0,8,0.2353813698106318,0.5803518616657617,0.5973029389077356,0.6819971891373651,经过处理的数据 / public-data surrogate; not author-run logs
NSGA-II,1,2009036,12,576,48,48,1.0,0.0,0.0,12,0.23793645850131623,0.5803518616657617,0.5973029389077356,0.6899363156125602,经过处理的数据 / public-data surrogate; not author-run logs
NSGA-II,1,2009036,13,624,48,48,1.0,0.0,0.0,10,0.24015425108724361,0.5803518616657617,0.6000461477927067,0.6918607914804096,经过处理的数据 / public-data surrogate; not author-run logs
NSGA-II,1,2009036,14,672,48,48,1.0,0.0,0.0,13,0.25058820815097793,0.5846107475595652,0.6154415223959665,0.7016329179465504,经过处理的数据 / public-data surrogate; not author-run logs
NSGA-II,1,2009036,15,720,48,48,1.0,0.0,0.0,19,0.25661923408847565,0.5897635214839375,0.6243064274529939,0.7022826913885216,经过处理的数据 / public-data surrogate; not author-run logs
NSGA-II,1,2009036,16,768,48,48,1.0,0.0,0.0,24,0.25815288885609294,0.5897635214839375,0.6243064274529939,0.7062356594872299,经过处理的数据 / public-data surrogate; not author-run logs
NSGA-II,1,2009036,17,816,48,48,1.0,0.0,0.0,16,0.2635858627703602,0.6011817393484754,0.6249496054706366,0.7062356594872299,经过处理的数据 / public-data surrogate; not author-run logs
NSGA-II,1,2009036,18,864,48,48,1.0,0.0,0.0,18,0.2697002088284024,0.6011817393484754,0.6328086113437229,0.7144363787076882,经过处理的数据 / public-data surrogate; not author-run logs
NSGA-II,1,2009036,19,912,48,48,1.0,0.0,0.0,8,0.2707983049480642,0.6012620088261192,0.6341087561386121,0.7144363787076882,经过处理的数据 / public-data surrogate; not author-run logs
NSGA-II,1,2009036,20,960,48,48,1.0,0.0,0.0,11,0.2722817832051216,0.6012620088261192,0.63703413133948,0.7144363787076882,经过处理的数据 / public-data surrogate; not author-run logs
NSGA-II,1,2009036,21,1008,48,48,1.0,0.0,0.0,16,0.2765747862198182,0.6081045951436103,0.6397905612580511,0.7144363787076882,经过处理的数据 / public-data surrogate; not author-run logs
NSGA-II,1,2009036,22,1056,48,48,1.0,0.0,0.0,16,0.2821278608511882,0.6112770975673342,0.6450199505486431,0.7199746179981573,经过处理的数据 / public-data surrogate; not author-run logs
NSGA-II,1,2009036,23,1104,48,48,1.0,0.0,0.0,22,0.2825528830097039,0.6112770975673342,0.6450199505486431,0.7199746179981573,经过处理的数据 / public-data surrogate; not author-run logs
NSGA-II,1,2009036,24,1152,48,48,1.0,0.0,0.0,11,0.28634577897965324,0.61644602273023,0.647087154095268,0.7199746179981573,经过处理的数据 / public-data surrogate; not author-run logs
NSGA-II,1,2009036,25,1200,48,48,1.0,0.0,0.0,16,0.2911611124839606,0.6216245322859459,0.6504291257765388,0.7228757334883005,经过处理的数据 / public-data surrogate; not author-run logs
NSGA-II,1,2009036,26,1248,48,48,1.0,0.0,0.0,16,0.29516633461578945,0.6216245322859459,0.6591234102508178,0.7233903923858312,经过处理的数据 / public-data surrogate; not author-run logs
NSGA-II,1,2009036,27,1296,48,48,1.0,0.0,0.0,21,0.2969244950839954,0.6216245322859459,0.6591234102508178,0.7282938668275981,经过处理的数据 / public-data surrogate; not author-run logs
NSGA-II,1,2009036,28,1344,48,48,1.0,0.0,0.0,23,0.30347399149483656,0.6299179800652343,0.6653293285472511,0.7282938668275981,经过处理的数据 / public-data surrogate; not author-run logs
NSGA-II,1,2009036,29,1392,48,48,1.0,0.0,0.0,31,0.3040225061454251,0.6299179800652343,0.6653293285472511,0.7293723313496503,经过处理的数据 / public-data surrogate; not author-run logs
NSGA-II,1,2009036,30,1440,48,48,1.0,0.0,0.0,26,0.30450990134793793,0.6299179800652343,0.6653293285472511,0.729937003626804,经过处理的数据 / public-data surrogate; not author-run logs
NSGA-II,2,2009037,1,48,48,0,0.0,0.3946390546326235,0.8347321984762848,5,0.21227806057821275,0.5545033632314869,0.5661534523656772,0.6787275033118222,经过处理的数据 / public-data surrogate; not author-run logs
NSGA-II,2,2009037,2,96,48,0,0.0,0.24295601992621574,0.3435735157455202,11,0.20324147887575755,0.5493914001053707,0.5486540179469312,0.6787275033118222,经过处理的数据 / public-data surrogate; not author-run logs
NSGA-II,2,2009037,3,144,48,0,0.0,0.16712888546293922,0.2502486427496522,3,0.19882924458982654,0.5331970960522486,0.55548129760045,0.6720253102134415,经过处理的数据 / public-data surrogate; not author-run logs
NSGA-II,2,2009037,4,192,48,0,0.0,0.09502436625031396,0.15684206665562384,6,0.20189399406981737,0.531899489759093,0.566665101153097,0.6720253102134415,经过处理的数据 / public-data surrogate; not author-run logs
NSGA-II,2,2009037,5,240,48,3,0.0625,0.054829853532455175,0.09795557111555708,3,0.17313345435038124,0.496607702794726,0.5181034040473437,0.6731562242691101,经过处理的数据 / public-data surrogate; not author-run logs
NSGA-II,2,2009037,6,288,48,5,0.10416666666666667,0.028333001239991013,0.058117992550958286,5,0.18756236468478088,0.5098092584395902,0.5491260483881549,0.6731562242691101,经过处理的数据 / public-data surrogate; not author-run logs
NSGA-II,2,2009037,7,336,48,15,0.3125,0.011339880215936094,0.03391271317680555,6,0.19476829458489564,0.5256983264166685,0.5491260483881549,0.6772818186095564,经过处理的数据 / public-data surrogate; not author-run logs
NSGA-II,2,2009037,8,384,48,32,0.6666666666666666,0.0020773255058695226,0.012624452025829402,8,0.19784204391273227,0.5262179817853722,0.5491260483881549,0.6883923842474289,经过处理的数据 / public-data surrogate; not author-run logs
NSGA-II,2,2009037,9,432,48,48,1.0,0.0,0.0,10,0.19866551625259454,0.5262179817853722,0.5504528937934886,0.6883923842474289,经过处理的数据 / public-data surrogate; not author-run logs
NSGA-II,2,2009037,10,480,48,48,1.0,0.0,0.0,12,0.20220592465306916,0.5302413421403581,0.5558202257764584,0.6883923842474289,经过处理的数据 / public-data surrogate; not author-run logs
NSGA-II,2,2009037,11,528,48,48,1.0,0.0,0.0,12,0.20700034400835904,0.532268418104729,0.5669223852388723,0.6883923842474289,经过处理的数据 / public-data surrogate; not author-run logs
NSGA-II,2,2009037,12,576,48,48,1.0,0.0,0.0,13,0.21513729572706142,0.541181473222792,0.5737341033062877,0.6968609444009307,经过处理的数据 / public-data surrogate; not author-run logs
NSGA-II,2,2009037,13,624,48,48,1.0,0.0,0.0,14,0.2173711681590616,0.5422069420591906,0.5737341033062877,0.7019456153598276,经过处理的数据 / public-data surrogate; not author-run logs
NSGA-II,2,2009037,14,672,48,48,1.0,0.0,0.0,18,0.21746306142387517,0.5422069420591906,0.5737341033062877,0.7019456153598276,经过处理的数据 / public-data surrogate; not author-run logs
NSGA-II,2,2009037,15,720,48,48,1.0,0.0,0.0,18,0.22316456610998178,0.546549428213526,0.5828493889687583,0.7041721716278975,经过处理的数据 / public-data surrogate; not author-run logs
NSGA-II,2,2009037,16,768,48,48,1.0,0.0,0.0,18,0.23115245874882098,0.5481479648085738,0.6025029059502507,0.7041721716278975,经过处理的数据 / public-data surrogate; not author-run logs
NSGA-II,2,2009037,17,816,48,48,1.0,0.0,0.0,10,0.23209145873132236,0.5481479648085738,0.6025029059502507,0.7044230288831779,经过处理的数据 / public-data surrogate; not author-run logs
NSGA-II,2,2009037,18,864,48,48,1.0,0.0,0.0,14,0.24970132550608867,0.5684722543405386,0.6224442260896731,0.711334108280707,经过处理的数据 / public-data surrogate; not author-run logs
NSGA-II,2,2009037,19,912,48,48,1.0,0.0,0.0,11,0.25497704118621073,0.5742199543743639,0.6275622792964624,0.711334108280707,经过处理的数据 / public-data surrogate; not author-run logs
NSGA-II,2,2009037,20,960,48,48,1.0,0.0,0.0,6,0.25788813775475966,0.5742199543743639,0.6275622792964624,0.7185489000124116,经过处理的数据 / public-data surrogate; not author-run logs
NSGA-II,2,2009037,21,1008,48,48,1.0,0.0,0.0,11,0.26025238525546135,0.5746001587044786,0.6324174229443073,0.7185489000124116,经过处理的数据 / public-data surrogate; not author-run logs
NSGA-II,2,2009037,22,1056,48,48,1.0,0.0,0.0,11,0.2722852316726354,0.5894569865141451,0.6463279589873026,0.7185489000124116,经过处理的数据 / public-data surrogate; not author-run logs
NSGA-II,2,2009037,23,1104,48,48,1.0,0.0,0.0,13,0.27748460161559874,0.5936703120074327,0.6535132261416541,0.7185489000124116,经过处理的数据 / public-data surrogate; not author-run logs
NSGA-II,2,2009037,24,1152,48,48,1.0,0.0,0.0,15,0.2780674467355124,0.5936703120074327,0.6535132261416541,0.7185489000124116,经过处理的数据 / public-data surrogate; not author-run logs
NSGA-II,2,2009037,25,1200,48,48,1.0,0.0,0.0,16,0.28186884424899306,0.5984785385746039,0.6556485118460489,0.7200670181714364,经过处理的数据 / public-data surrogate; not author-run logs
NSGA-II,2,2009037,26,1248,48,48,1.0,0.0,0.0,17,0.2938746775708156,0.6066675462894772,0.6705450149108148,0.7255216376498128,经过处理的数据 / public-data surrogate; not author-run logs
NSGA-II,2,2009037,27,1296,48,48,1.0,0.0,0.0,25,0.2946457519627828,0.6066675462894772,0.6705450149108148,0.7274253671667381,经过处理的数据 / public-data surrogate; not author-run logs
NSGA-II,2,2009037,28,1344,48,48,1.0,0.0,0.0,19,0.29609352911445114,0.6066675462894772,0.6705450149108148,0.7302213671111296,经过处理的数据 / public-data surrogate; not author-run logs
NSGA-II,2,2009037,29,1392,48,48,1.0,0.0,0.0,18,0.3066157648723583,0.6221576541255649,0.6749001618469765,0.7336550120183949,经过处理的数据 / public-data surrogate; not author-run logs
NSGA-II,2,2009037,30,1440,48,48,1.0,0.0,0.0,21,0.3068005265030379,0.6221576541255649,0.6749001618469765,0.7336550120183949,经过处理的数据 / public-data surrogate; not author-run logs
NSGA-II,3,2009038,1,48,48,0,0.0,0.44433709762619317,0.8999339694111612,3,0.22089917157886158,0.5504886171118897,0.582497342088456,0.6920960121013364,经过处理的数据 / public-data surrogate; not author-run logs
NSGA-II,3,2009038,2,96,48,0,0.0,0.2577158853679573,0.38090125379004225,3,0.20603320177326234,0.546804781047955,0.5531197752885167,0.6817069018775891,经过处理的数据 / public-data surrogate; not author-run logs
NSGA-II,3,2009038,3,144,48,1,0.020833333333333332,0.157721298795832,0.2506026901475569,1,0.17475592063032563,0.4993372902355581,0.5293500195662569,0.6611423310849152,经过处理的数据 / public-data surrogate; not author-run logs
NSGA-II,3,2009038,4,192,48,1,0.020833333333333332,0.09561424721381052,0.1510358483780272,1,0.17475592063032563,0.4993372902355581,0.5293500195662569,0.6611423310849152,经过处理的数据 / public-data surrogate; not author-run logs
NSGA-II,3,2009038,5,240,48,4,0.08333333333333333,0.05465652941055731,0.1008792019152045,1,0.17475592063032563,0.4993372902355581,0.5293500195662569,0.6611423310849152,经过处理的数据 / public-data surrogate; not author-run logs
NSGA-II,3,2009038,6,288,48,10,0.20833333333333334,0.026756042583700724,0.069292468301144,2,0.18212378159279896,0.510042056647679,0.5331417640821466,0.6701265370347619,经过处理的数据 / public-data surrogate; not author-run logs
NSGA-II,3,2009038,7,336,48,18,0.375,0.0070351986181551905,0.027938689686276108,3,0.18850980486092014,0.5191901039365144,0.5348164737131249,0.6800739535854399,经过处理的数据 / public-data surrogate; not author-run logs
NSGA-II,3,2009038,8,384,48,38,0.7916666666666666,0.0001556725788104396,0.0017149145647867847,6,0.20289382919377125,0.534042004273801,0.5602243097772382,0.6800739535854399,经过处理的数据 / public-data surrogate; not author-run logs
NSGA-II,3,2009038,9,432,48,48,1.0,0.0,0.0,4,0.2111877743592439,0.5377131295861665,0.5786747634034725,0.6800739535854399,经过处理的数据 / public-data surrogate; not author-run logs
NSGA-II,3,2009038,10,480,48,48,1.0,0.0,0.0,3,0.21449990672567634,0.5377131295861665,0.5786747634034725,0.6918585125647296,经过处理的数据 / public-data surrogate; not author-run logs
NSGA-II,3,2009038,11,528,48,48,1.0,0.0,0.0,6,0.22337487877710577,0.5494330983228735,0.5903466080243918,0.6918585125647296,经过处理的数据 / public-data surrogate; not author-run logs
NSGA-II,3,2009038,12,576,48,48,1.0,0.0,0.0,13,0.22502862516172312,0.5495500655374973,0.5903466080243918,0.6977957015508548,经过处理的数据 / public-data surrogate; not author-run logs
NSGA-II,3,2009038,13,624,48,48,1.0,0.0,0.0,11,0.22611358595934547,0.5495500655374973,0.5903466080243918,0.6999989706872858,经过处理的数据 / public-data surrogate; not author-run logs
NSGA-II,3,2009038,14,672,48,48,1.0,0.0,0.0,10,0.2329851912505443,0.5559185679469192,0.6007894774085681,0.701211715454683,经过处理的数据 / public-data surrogate; not author-run logs
NSGA-II,3,2009038,15,720,48,48,1.0,0.0,0.0,19,0.24512435986457662,0.5656578787554942,0.6168190169040971,0.709974079877577,经过处理的数据 / public-data surrogate; not author-run logs
NSGA-II,3,2009038,16,768,48,48,1.0,0.0,0.0,23,0.24629395325862702,0.5676686600180253,0.6168190169040971,0.709974079877577,经过处理的数据 / public-data surrogate; not author-run logs
NSGA-II,3,2009038,17,816,48,48,1.0,0.0,0.0,27,0.25408640580411035,0.580387471174209,0.622510375018942,0.7104342659417522,经过处理的数据 / public-data surrogate; not author-run logs
NSGA-II,3,2009038,18,864,48,48,1.0,0.0,0.0,9,0.2570030006227037,0.580387471174209,0.6249720829859681,0.7146778572583807,经过处理的数据 / public-data surrogate; not author-run logs
NSGA-II,3,2009038,19,912,48,48,1.0,0.0,0.0,12,0.26018848390840343,0.5863480280043343,0.6249720829859681,0.7149603583249369,经过处理的数据 / public-data surrogate; not author-run logs
NSGA-II,3,2009038,20,960,48,48,1.0,0.0,0.0,19,0.2663257108692459,0.5899611341034704,0.6347508591439556,0.7169189612946615,经过处理的数据 / public-data surrogate; not author-run logs
NSGA-II,3,2009038,21,1008,48,48,1.0,0.0,0.0,27,0.268365407204938,0.5899611341034704,0.637127841206932,0.7198423440404933,经过处理的数据 / public-data surrogate; not author-run logs
NSGA-II,3,2009038,22,1056,48,48,1.0,0.0,0.0,23,0.2701931887126011,0.5899611341034704,0.637127841206932,0.7239870554293685,经过处理的数据 / public-data surrogate; not author-run logs
NSGA-II,3,2009038,23,1104,48,48,1.0,0.0,0.0,15,0.2790211707253605,0.599555648814058,0.6476589638884235,0.7239870554293685,经过处理的数据 / public-data surrogate; not author-run logs
NSGA-II,3,2009038,24,1152,48,48,1.0,0.0,0.0,13,0.2854919917671298,0.6035120070751704,0.6592589901060756,0.7239870554293685,经过处理的数据 / public-data surrogate; not author-run logs
NSGA-II,3,2009038,25,1200,48,48,1.0,0.0,0.0,22,0.2873778740000729,0.6069093073520809,0.6592589901060756,0.7239870554293685,经过处理的数据 / public-data surrogate; not author-run logs
NSGA-II,3,2009038,26,1248,48,48,1.0,0.0,0.0,25,0.2876716757904243,0.6069093073520809,0.6592589901060756,0.7239870554293685,经过处理的数据 / public-data surrogate; not author-run logs
NSGA-II,3,2009038,27,1296,48,48,1.0,0.0,0.0,28,0.2889864488150959,0.609005749828614,0.6592589901060756,0.7241634821183943,经过处理的数据 / public-data surrogate; not author-run logs
NSGA-II,3,2009038,28,1344,48,48,1.0,0.0,0.0,32,0.29066932829634057,0.6100071718936022,0.6616191466169856,0.7241634821183943,经过处理的数据 / public-data surrogate; not author-run logs
NSGA-II,3,2009038,29,1392,48,48,1.0,0.0,0.0,32,0.2916627798925354,0.6100071718936022,0.6616191466169856,0.7265690825381218,经过处理的数据 / public-data surrogate; not author-run logs
NSGA-II,3,2009038,30,1440,48,48,1.0,0.0,0.0,18,0.293197730022795,0.61088482427584,0.6633483141038233,0.7265690825381218,经过处理的数据 / public-data surrogate; not author-run logs
NSGA-II,4,2009039,1,48,48,1,0.020833333333333332,0.4410715205805551,1.0441700540374192,1,0.17146098382187386,0.5129901431470377,0.5054370816917538,0.6612857890401447,经过处理的数据 / public-data surrogate; not author-run logs
NSGA-II,4,2009039,2,96,48,1,0.020833333333333332,0.23161804841889044,0.36882560943600695,1,0.17146098382187386,0.5129901431470377,0.5054370816917538,0.6612857890401447,经过处理的数据 / public-data surrogate; not author-run logs
NSGA-II,4,2009039,3,144,48,2,0.041666666666666664,0.14445319619373087,0.23294381910205386,2,0.17248928597253077,0.5129901431470377,0.5054370816917538,0.6653443992379222,经过处理的数据 / public-data surrogate; not author-run logs
NSGA-II,4,2009039,4,192,48,6,0.125,0.08218182902146963,0.1531532216092515,4,0.18210919911948933,0.5208269107164415,0.5187381687164238,0.6762480283211405,经过处理的数据 / public-data surrogate; not author-run logs
NSGA-II,4,2009039,5,240,48,12,0.25,0.04034846507834742,0.09281551382659758,7,0.18264871629236698,0.5208269107164415,0.5197361931094587,0.6762480283211405,经过处理的数据 / public-data surrogate; not author-run logs
NSGA-II,4,2009039,6,288,48,25,0.5208333333333334,0.009433309895129074,0.03729881648940414,12,0.18876567436194155,0.5208269107164415,0.5302571494548963,0.6864347444913252,经过处理的数据 / public-data surrogate; not author-run logs
NSGA-II,4,2009039,7,336,48,47,0.9791666666666666,7.52522805302173e-05,0.0036121094654504304,10,0.19405732171582674,0.5251590229597877,0.5402174971002824,0.6864347444913252,经过处理的数据 / public-data surrogate; not author-run logs
NSGA-II,4,2009039,8,384,48,48,1.0,0.0,0.0,8,0.19916022190206284,0.5266307031002262,0.5510100784375093,0.6879817066489279,经过处理的数据 / public-data surrogate; not author-run logs
NSGA-II,4,2009039,9,432,48,48,1.0,0.0,0.0,10,0.20521367594926626,0.5414688492040082,0.5524621859135769,0.6879817066489279,经过处理的数据 / public-data surrogate; not author-run logs
NSGA-II,4,2009039,10,480,48,48,1.0,0.0,0.0,14,0.21212399075692723,0.5427246041951864,0.5594912950963392,0.7019781508291364,经过处理的数据 / public-data surrogate; not author-run logs
NSGA-II,4,2009039,11,528,48,48,1.0,0.0,0.0,16,0.21479736977176453,0.5459080261156218,0.5631406666409667,0.7019781508291364,经过处理的数据 / public-data surrogate; not author-run logs
NSGA-II,4,2009039,12,576,48,48,1.0,0.0,0.0,10,0.22521539307811209,0.5590711900338303,0.576573033875164,0.7019781508291364,经过处理的数据 / public-data surrogate; not author-run logs
NSGA-II,4,2009039,13,624,48,48,1.0,0.0,0.0,9,0.22948719809798973,0.561446093549801,0.5851540526476169,0.7019781508291364,经过处理的数据 / public-data surrogate; not author-run logs
NSGA-II,4,2009039,14,672,48,48,1.0,0.0,0.0,11,0.23416777996601018,0.5676915958005654,0.5871787640141808,0.7051825046007211,经过处理的数据 / public-data surrogate; not author-run logs
NSGA-II,4,2009039,15,720,48,48,1.0,0.0,0.0,11,0.24772394234263176,0.577261021450491,0.6109251645574463,0.7051825046007211,经过处理的数据 / public-data surrogate; not author-run logs
NSGA-II,4,2009039,16,768,48,48,1.0,0.0,0.0,10,0.2510073926387935,0.5807495477615123,0.6109251645574463,0.710245283586854,经过处理的数据 / public-data surrogate; not author-run logs
NSGA-II,4,2009039,17,816,48,48,1.0,0.0,0.0,13,0.25213579910841,0.5807495477615123,0.6109251645574463,0.7131447835082037,经过处理的数据 / public-data surrogate; not author-run logs
NSGA-II,4,2009039,18,864,48,48,1.0,0.0,0.0,4,0.26388107107454256,0.5870610348762493,0.6293256886481169,0.7164511083790149,经过处理的数据 / public-data surrogate; not author-run logs
NSGA-II,4,2009039,19,912,48,48,1.0,0.0,0.0,7,0.26403616396145313,0.5870610348762493,0.6293256886481169,0.7164511083790149,经过处理的数据 / public-data surrogate; not author-run logs
NSGA-II,4,2009039,20,960,48,48,1.0,0.0,0.0,11,0.2674749553650728,0.592358835495444,0.6318622005513911,0.7164511083790149,经过处理的数据 / public-data surrogate; not author-run logs
NSGA-II,4,2009039,21,1008,48,48,1.0,0.0,0.0,11,0.26872918320369704,0.5924362133148301,0.6319627053159924,0.7198136071955119,经过处理的数据 / public-data surrogate; not author-run logs
NSGA-II,4,2009039,22,1056,48,48,1.0,0.0,0.0,12,0.27105137423256287,0.5924362133148301,0.6319627053159924,0.7260873114947322,经过处理的数据 / public-data surrogate; not author-run logs
NSGA-II,4,2009039,23,1104,48,48,1.0,0.0,0.0,16,0.2714320507729388,0.592667827662159,0.6324922907695822,0.7260873114947322,经过处理的数据 / public-data surrogate; not author-run logs
NSGA-II,4,2009039,24,1152,48,48,1.0,0.0,0.0,19,0.27283429117132907,0.5930827859667168,0.6349061054342102,0.7260873114947322,经过处理的数据 / public-data surrogate; not author-run logs
NSGA-II,4,2009039,25,1200,48,48,1.0,0.0,0.0,19,0.2736662560259535,0.5946809586554757,0.6349061054342102,0.7260873114947322,经过处理的数据 / public-data surrogate; not author-run logs
NSGA-II,4,2009039,26,1248,48,48,1.0,0.0,0.0,23,0.27419266659688096,0.5956122981533305,0.6349061054342102,0.7260880579133031,经过处理的数据 / public-data surrogate; not author-run logs
NSGA-II,4,2009039,27,1296,48,48,1.0,0.0,0.0,23,0.2806756979729393,0.6035811636890718,0.6402208096354458,0.7276410064713101,经过处理的数据 / public-data surrogate; not author-run logs
NSGA-II,4,2009039,28,1344,48,48,1.0,0.0,0.0,20,0.28094136143892756,0.6035811636890718,0.6402208096354458,0.7281556770716942,经过处理的数据 / public-data surrogate; not author-run logs
NSGA-II,4,2009039,29,1392,48,48,1.0,0.0,0.0,20,0.28336542711901624,0.6069992280761316,0.6419748451542309,0.7281556770716942,经过处理的数据 / public-data surrogate; not author-run logs
NSGA-II,4,2009039,30,1440,48,48,1.0,0.0,0.0,18,0.2934227215142318,0.6208533535512243,0.6505140036836524,0.7281556770716942,经过处理的数据 / public-data surrogate; not author-run logs
NSGA-II,5,2009040,1,48,48,0,0.0,0.45705115583569245,0.8989563466928583,6,0.21583195795127252,0.5509971269073054,0.5722582018326825,0.6872359114445554,经过处理的数据 / public-data surrogate; not author-run logs
NSGA-II,5,2009040,2,96,48,0,0.0,0.2293779033910297,0.3628367403969559,6,0.22062892294771339,0.5591243663479502,0.5783700016343247,0.6872359114445554,经过处理的数据 / public-data surrogate; not author-run logs
NSGA-II,5,2009040,3,144,48,1,0.020833333333333332,0.1182331640652952,0.23809046141292,1,0.17947731973948117,0.5060590314657692,0.5391870546908031,0.6577622402868677,经过处理的数据 / public-data surrogate; not author-run logs
NSGA-II,5,2009040,4,192,48,2,0.041666666666666664,0.0604096827349781,0.12902043097038085,2,0.18073407653751875,0.5060590314657692,0.5391870546908031,0.6628604801539468,经过处理的数据 / public-data surrogate; not author-run logs
NSGA-II,5,2009040,5,240,48,7,0.14583333333333334,0.028177354538943253,0.06039093788033001,5,0.18873429925865223,0.5301009664954516,0.5391870546908031,0.6628604801539468,经过处理的数据 / public-data surrogate; not author-run logs
NSGA-II,5,2009040,6,288,48,17,0.3541666666666667,0.010863966669804112,0.028941592153121976,6,0.1891471140326674,0.5301009664954516,0.5391870546908031,0.6633731852121446,经过处理的数据 / public-data surrogate; not author-run logs
NSGA-II,5,2009040,7,336,48,32,0.6666666666666666,0.0027398715259477715,0.012831995958018538,10,0.19761942021839193,0.5435145056538744,0.5444631360966246,0.6699293049314212,经过处理的数据 / public-data surrogate; not author-run logs
NSGA-II,5,2009040,8,384,48,44,0.9166666666666666,0.00021843468730918988,0.0033839095893180016,15,0.19870647965185792,0.5435145056538744,0.5444631360966246,0.6742770015708605,经过处理的数据 / public-data surrogate; not author-run logs
NSGA-II,5,2009040,9,432,48,48,1.0,0.0,0.0,19,0.19878492220994942,0.5435145056538744,0.5444631360966246,0.6742770015708605,经过处理的数据 / public-data surrogate; not author-run logs
NSGA-II,5,2009040,10,480,48,48,1.0,0.0,0.0,11,0.2003912696915888,0.5435145056538744,0.5444631360966246,0.6796794424021992,经过处理的数据 / public-data surrogate; not author-run logs
NSGA-II,5,2009040,11,528,48,48,1.0,0.0,0.0,13,0.20221175725022605,0.5448022025805551,0.5473849524773317,0.6796794424021992,经过处理的数据 / public-data surrogate; not author-run logs
NSGA-II,5,2009040,12,576,48,48,1.0,0.0,0.0,7,0.2034052009872211,0.5448022025805551,0.5475896385128941,0.6824436273752681,经过处理的数据 / public-data surrogate; not author-run logs
NSGA-II,5,2009040,13,624,48,48,1.0,0.0,0.0,6,0.209151450911374,0.5501119064247294,0.5579091292021036,0.6824436273752681,经过处理的数据 / public-data surrogate; not author-run logs
NSGA-II,5,2009040,14,672,48,48,1.0,0.0,0.0,7,0.21828859394973682,0.5618091709559538,0.5674694285853237,0.6867602161547945,经过处理的数据 / public-data surrogate; not author-run logs
NSGA-II,5,2009040,15,720,48,48,1.0,0.0,0.0,10,0.22302612117384002,0.5708597970170419,0.5674694285853237,0.6909656410222412,经过处理的数据 / public-data surrogate; not author-run logs
NSGA-II,5,2009040,16,768,48,48,1.0,0.0,0.0,10,0.2307702550251082,0.5721492879640165,0.5861709273640795,0.6909656410222412,经过处理的数据 / public-data surrogate; not author-run logs
NSGA-II,5,2009040,17,816,48,48,1.0,0.0,0.0,10,0.23985355624211666,0.5802388699384371,0.6001073132810218,0.6911476601790381,经过处理的数据 / public-data surrogate; not author-run logs
NSGA-II,5,2009040,18,864,48,48,1.0,0.0,0.0,15,0.24047675394775592,0.580992305873243,0.6001073132810218,0.6912681174840178,经过处理的数据 / public-data surrogate; not author-run logs
NSGA-II,5,2009040,19,912,48,48,1.0,0.0,0.0,10,0.24308515618730478,0.580992305873243,0.6051000568229938,0.6921833652958786,经过处理的数据 / public-data surrogate; not author-run logs
NSGA-II,5,2009040,20,960,48,48,1.0,0.0,0.0,17,0.2533573686031344,0.5970325106922053,0.6051000568229938,0.7048615402130897,经过处理的数据 / public-data surrogate; not author-run logs
NSGA-II,5,2009040,21,1008,48,48,1.0,0.0,0.0,18,0.2567287985342337,0.5970325106922053,0.6129327493521288,0.7048615402130897,经过处理的数据 / public-data surrogate; not author-run logs
NSGA-II,5,2009040,22,1056,48,48,1.0,0.0,0.0,11,0.2584784993918894,0.5986540375510744,0.6146244985173047,0.7048615402130897,经过处理的数据 / public-data surrogate; not author-run logs
NSGA-II,5,2009040,23,1104,48,48,1.0,0.0,0.0,16,0.26084111199543963,0.603504525343174,0.6146289784744726,0.7048615402130897,经过处理的数据 / public-data surrogate; not author-run logs
NSGA-II,5,2009040,24,1152,48,48,1.0,0.0,0.0,14,0.271096804442959,0.6098531088883464,0.6327526462947084,0.7048615402130897,经过处理的数据 / public-data surrogate; not author-run logs
NSGA-II,5,2009040,25,1200,48,48,1.0,0.0,0.0,18,0.27294730839708603,0.6098531088883464,0.6327526462947084,0.7104692666977861,经过处理的数据 / public-data surrogate; not author-run logs
NSGA-II,5,2009040,26,1248,48,48,1.0,0.0,0.0,23,0.2821348181933456,0.6187513429428628,0.6405938627145726,0.7157532006621752,经过处理的数据 / public-data surrogate; not author-run logs
NSGA-II,5,2009040,27,1296,48,48,1.0,0.0,0.0,17,0.28565217212242633,0.6249801907572513,0.6405938627145726,0.7169512075205489,经过处理的数据 / public-data surrogate; not author-run logs
NSGA-II,5,2009040,28,1344,48,48,1.0,0.0,0.0,19,0.28753169595331274,0.6264226275312536,0.6405938627145726,0.7193706779693536,经过处理的数据 / public-data surrogate; not author-run logs
NSGA-II,5,2009040,29,1392,48,48,1.0,0.0,0.0,24,0.2893950285896083,0.6264226275312536,0.6446584254847381,0.7196247385981258,经过处理的数据 / public-data surrogate; not author-run logs
NSGA-II,5,2009040,30,1440,48,48,1.0,0.0,0.0,17,0.2931278888859182,0.6288752394751967,0.6476379318294162,0.722336089252864,经过处理的数据 / public-data surrogate; not author-run logs
