path,bytes,sha256,provenance_class
.github/workflows/reproduce.yml,810,6082b9156d5f9c336d5742547c47f6f2df4b62918e5d8336a936f76842575e9c,code_or_configuration
CITATION.cff,736,2d31c85ab4bb78266b361e6eedd8564fcf5b74626a425a7aeed51c4844014ec5,documentation_or_license
configs/experiments/ci_smoke.yaml,475,61c56e6f3b5ba7c6c92cfcbc424fc300b2388dcf4c108d92d90e0c8b29f1d055,code_or_configuration
configs/experiments/paper_protocol.yaml,873,30e233051ffd151deb89205fa69f6921d87dfb6a43c2c1ab130e541d0d98e2e8,code_or_configuration
configs/experiments/processed_demo.yaml,524,57d67fe5d1ed44c8ff0770412ec07ab0983dd32d67f5066933e91df59c01c0eb,code_or_configuration
configs/paper.yaml,479,00318d02a75dee2daf109d1a96ab7ef97657f1fa1175d41ea1c9ea31910ce9b0,code_or_configuration
data/DATA_DICTIONARY.md,2454,88f4c9baa6466f969f405b4720195fbcf6f6b0fe0b20a542f45385ba445361ed,documentation_or_license
data/paper/table_1_decision_indices.csv,260,f15e35459d5067b795bb899138cc09bdb56f965c26137abfcee0761c71bd7916,exact_article_transcription
data/paper/table_2_economic_welfare.csv,944,80b399acc934a4469cc9b09206b3fd05b25bc1eb24b26ceab711d7a60a2860df,exact_article_transcription
data/paper/table_3_capacity_constraints.csv,923,56e419f4e6978bd34137d0014732e004da3a4b36816bfcbcbd22114c1ea56860,exact_article_transcription
data/paper/table_4_algorithm_parameters.csv,832,6a79e99628c9c12b90cf4e3796d7999ae719f5b23f0477bad486a561d53486c9,exact_article_transcription
data/processed/manuscript_figures/manifest.csv,7061,16b9f34cefd611b4606b03acee9c5ba0cf7d67b327398a713f70519859497392,processed_data
data/processed/manuscript_figures/panels/Figure_01.png,2584387,09e2ed8b68a29a419610e4cb4b159d26846b853814029bb1da2faf9dae7c89ab,processed_data
data/processed/manuscript_figures/panels/Figure_02a.png,96008,f68162459d2efc641a19259d767271e8210ab54c94ba81d8837df50ed2ac93f1,processed_data
data/processed/manuscript_figures/panels/Figure_02b.png,101095,49129a98b90735410c863879bcaddeeac5741fa5bb4d1792af7e155bd7828c1d,processed_data
data/processed/manuscript_figures/panels/Figure_03a.png,62645,401a77f5eaf36887d21b12ad6006cbcac43cd58f2549013dc73de4adad1a2598,processed_data
data/processed/manuscript_figures/panels/Figure_03b.png,70134,0ba50339e3e0ab33ca86185682da4c3f167eb1002b7c1388537e3ccf49216323,processed_data
data/processed/manuscript_figures/panels/Figure_04.png,179477,9edd9b4791b59820a762dfe8cb85ef961e4490124490df0d9430bc779f2b42b8,processed_data
data/processed/manuscript_figures/panels/Figure_05.png,185657,7ad14156cf0a2aa61b6ee097f6e6b9a25a3b0c947da2279b78576af8e8534d4d,processed_data
data/processed/manuscript_figures/panels/Figure_06a.png,99913,048773488a65f6468b358f9c6debeece2d9fc1b98fc6c3397e8459e2bb37b92f,processed_data
data/processed/manuscript_figures/panels/Figure_06b.png,95486,8c1b90284fef8fd8813cb8d91c1d197b2fbf457b540db687080dcfc28d3621db,processed_data
data/processed/manuscript_figures/panels/Figure_07a.png,115430,fa03a2ae53f8b905f9760e19ab035a88388c318f75c14231d5fca20be04d5196,processed_data
data/processed/manuscript_figures/panels/Figure_07b.png,124458,80e21579da88a3574a9fb23db429284f874e6b3332d86fbd0ba6f0dbfd48f4c9,processed_data
data/processed/manuscript_figures/panels/Figure_07c.png,90915,6c4d936eb1a7d4bc755a690fa64d4b28e41adc4bb08aa3e8356780f12f82c2a2,processed_data
data/processed/manuscript_figures/panels/Figure_08a.png,144653,b7939324335a41956c2455491baec3a1fe85856992e884407e39dc6d244660f6,processed_data
data/processed/manuscript_figures/panels/Figure_08b.png,82206,13ea87bc459b8add22a59417db36ba4895de68e295c530ba9f5814fea06c3817,processed_data
data/processed/manuscript_figures/panels/Figure_09a.png,157744,d1021e142f2db0a4f64b3eb7481be5e8903ece248d1c15fb92b672371bb42ac9,processed_data
data/processed/manuscript_figures/panels/Figure_09b.png,155521,225df03a442687089eafe348f7349c34f6e52a02e2a93b8c9fd47479d74a0695,processed_data
data/processed/manuscript_figures/panels/Figure_09c.png,147976,151ca10c4fdece0bae7d0688ca9ca60208ed6cf10717f17d0f995dbf48354e4b,processed_data
data/processed/manuscript_figures/panels/Figure_10a.png,73988,2dbdf41756a9620490475a46ca916a9c57a28a4980b825f10f635b0ac51f6666,processed_data
data/processed/manuscript_figures/panels/Figure_10b.png,76559,0bed0e3e942ffcdf97be4b6f538b0d1089d77bd8ac529d4d991bca3d9a9bf57f,processed_data
data/processed/manuscript_figures/panels/Figure_10c.png,80337,a57378b340908462cdee1ea121c16872cc9784ca6e4dce2d4f1c0a7f2be30847,processed_data
data/processed/manuscript_figures/README.md,938,2be9563461b9d6325f55bb143dda432ed6aa687d21de245e0fc2a62daafc5d34,processed_data
data/public/moa_national_fishery_statistics.csv,15414,e1cf32db63fff0cc0bde4ad08373afc3ab1f21e56c70469ea7b100a9650b2b2e,public_source
data/public/public_data_catalog.xlsx,13622,fa51721799131f29a204542cdb1ee22ec95434567c796b2e3ff3b05d339c1f1c,public_source
data/public/README.md,1154,30c4b1c6b505096c617d474548759a6aa7d2dce97ce1e2cd8d29d9c52ebb6091,public_source
data/public/source_catalog.csv,5770,faec3706f02487a9e58a4867278449634a8da2c9a5d74706c7f335df60e20b19,public_source
data/public/world_bank_fao_china_fisheries_2014_2023.csv,10161,015b477879c78ea1c70fd07bbacac79349d2b9bdc9de2ed2c06e0d16185b4b75,public_source
data/README.md,1706,f90d1d30b8acd7efa0365adcc7240aa4350518b0ef41916b4083f01755a30ed1,documentation_or_license
data/verified/official_2023_summary.csv,1591,87e04e7cdab286564718e59642c27ad0907eb280f3c779a1e23f37622f920008,public_source
docs/ALGORITHM_IMPLEMENTATION.md,2635,9096d60bd5fe393c629d5ce3a6cda12c6f397974707df57cebf32d9eb51eea03,documentation_or_license
docs/data_sources.md,3304,029459f804a688cf1379bad8bd3a523eb1b10a7de77479cd6934c3710c4d0679,documentation_or_license
docs/EXPERIMENT_PROTOCOL.md,2629,a15fb679946fdef21b406d7b7c73fedb9b6377e76f88a3cabf0c6b761a72c3e1,documentation_or_license
docs/REPRODUCIBILITY_CHECKLIST.md,1540,b432c30c2124a6cb8ac0f0332e93a835e91ecba83c950ae6a91661cde3566c9a,documentation_or_license
docs/reproducibility_report.md,3480,2d3b124e4674dd6c79f0f73821ea7ae10ff5aa9991e826fcd5c599c7a190fbe1,documentation_or_license
environment.yml,291,c196ec0def003607d295548c05af8cf4e748ea60bc7f895b52c845defbc196a4,code_or_configuration
implementations/figure_01/analysis.py,1630,ca36aa1e7cd413724e09ab2b1508d23086d9b571fa9c20b5789d3f673e45990c,per_result_artifact
implementations/figure_01/derived_data.csv,916,ae7d3c570fd21306d106fa27c8cf37421cf4e3e888c9bd8bc9604cdc72716de2,per_result_artifact
implementations/figure_01/Figure_01_PPMS_MOO_architecture.png,2584387,09e2ed8b68a29a419610e4cb4b159d26846b853814029bb1da2faf9dae7c89ab,per_result_artifact
implementations/figure_01/generated_from_processed_data/Figure_01_PPMS_MOO_architecture.png,197523,94d84715cf8b13095657b2c7ad62ced43395336b4b513c201b5aa44f64a6a54a,per_result_artifact
implementations/figure_01/generated_from_processed_data/Figure_01_PPMS_MOO_architecture.svg,92317,c5d71bd9316470b65b2e38590ccbbb1415079dcf8fbec5f6a63dbf254287d107,per_result_artifact
implementations/figure_01/README.md,1268,c1a469fcf87bd7c52b1f112cadae5b0ca43e4f99c6ffe598fc511d6ca7b8fe79,per_result_artifact
implementations/figure_01/run.py,69,313e7db5bb295ad0499b7e4752d0033c6e6478adcd770a1b2db690eba21ec80e,per_result_artifact
implementations/figure_01/validation_report.json,588,9ae9a7645fd521058c86a42a7ac82e2797dc77d05a5f29e3797eeb2e8ceed334,per_result_artifact
implementations/figure_02/analysis.py,2088,8572a08c2f417a66ede47b0bf9a34a81212505b06361bc3d6c4fd197ca28fa47,per_result_artifact
implementations/figure_02/derived_data.csv,1114,3218e57a5e36ac005df430d24c0904e2cbbca9a189b0e9f2b1d1d6737c7bb2e4,per_result_artifact
implementations/figure_02/Figure_02_convergence.png,185035,9c17a3ad61442917bb7d4e233a9812fb04ef94f363413a38d2537fbc5d86a2d5,per_result_artifact
implementations/figure_02/generated_from_processed_data/Figure_02_convergence.png,208114,373eea00fcc24334cfcc1a4ba63fe699eb874d8c2bf5bf816089a3be1581e4ac,per_result_artifact
implementations/figure_02/generated_from_processed_data/Figure_02_convergence.svg,86516,e898408fde03e5a3f4ead8605a58bbac762ef49e2556c83a2c42fa581a22e6b3,per_result_artifact
implementations/figure_02/input_data.csv,29645,eb88a416870530283f6fd94fff6ea15cdf00aa24b942043ae358294faa3a69f6,per_result_artifact
implementations/figure_02/README.md,1224,aa217a5441d0ddbdc28fe79824f7d9046cca2136ad0aaf13115674f66ac7eead,per_result_artifact
implementations/figure_02/run.py,69,313e7db5bb295ad0499b7e4752d0033c6e6478adcd770a1b2db690eba21ec80e,per_result_artifact
implementations/figure_02/validation_report.json,935,047b06bc901686681c1d38eb6b3af79ade7d8a043f8d54c8389d2ad365db74d0,per_result_artifact
implementations/figure_03/analysis.py,2066,c7fa9e91cc930b3700111bb470093dcbe72b84c4d11487aaaf26c53564c8f0d0,per_result_artifact
implementations/figure_03/derived_data.csv,1787,5c4da7cbfe89fa7fd8444133bfeff6fb7c17d6d57aa0629e4a1ba408a6381eef,per_result_artifact
implementations/figure_03/Figure_03_statistical_comparison.png,87133,16857bcd36597fe4e38ff651f1dbf88e6ef99e4c8ca8aa3f7d8b955249afd80c,per_result_artifact
implementations/figure_03/generated_from_processed_data/Figure_03_statistical_comparison.png,101524,81d7a39a6f5330e4bcf4eecf25d77a588b5611d22ab1ee9c5e6393364fce1b89,per_result_artifact
implementations/figure_03/generated_from_processed_data/Figure_03_statistical_comparison.svg,71896,009a9319f34af03bb2c151135ee465f861ec5cf41520655c7f64c72cf3527e44,per_result_artifact
implementations/figure_03/input_data.csv,8604,16075dc173bedab98dc899ecc4c94498bb508cba931e94282c495d649a1b3ca7,per_result_artifact
implementations/figure_03/README.md,1228,7929f6db5dbd2a76f221df0ef9b2a40b5a914714aca482fe498defa4d8294d15,per_result_artifact
implementations/figure_03/run.py,69,313e7db5bb295ad0499b7e4752d0033c6e6478adcd770a1b2db690eba21ec80e,per_result_artifact
implementations/figure_03/validation_report.json,913,6851e94a5aa24772c388438c3e99fa802f8eee7f8c5ee6f04b3cc7bfeafe99a6,per_result_artifact
implementations/figure_04/analysis.py,1994,8b0dcc91d7aac0392776e0a4649d18c09068735dec8b80c949a9855019ff809c,per_result_artifact
implementations/figure_04/derived_data.csv,411,18ead7f93191fdadf81c3f7684a08ea6007127b77b37480704c02b06ac84732b,per_result_artifact
implementations/figure_04/Figure_04_kpi_radar.png,179477,9edd9b4791b59820a762dfe8cb85ef961e4490124490df0d9430bc779f2b42b8,per_result_artifact
implementations/figure_04/generated_from_processed_data/Figure_04_kpi_radar.png,219378,4780368954ce5652c66f8afe3ddf3316f3512cb1fab817ee032952a3835c0c1e,per_result_artifact
implementations/figure_04/generated_from_processed_data/Figure_04_kpi_radar.svg,44504,44b0cc7eb635281d440265794d7c6cffaca3640373a2ca3bcd293dccc1456cfe,per_result_artifact
implementations/figure_04/input_data.csv,447,054db8c4d8773c61588d994306ca2cd60b7715f1b7ae3a45395054ee10927845,per_result_artifact
implementations/figure_04/README.md,1181,e1308d6c557f648aeeaf7a60cd8e4b91ae4c6085ecf3dc98ed7353bc45ed15c4,per_result_artifact
implementations/figure_04/run.py,69,313e7db5bb295ad0499b7e4752d0033c6e6478adcd770a1b2db690eba21ec80e,per_result_artifact
implementations/figure_04/validation_report.json,827,556504334bf80eee856ee5679712ee6d423b599b47135edcfeb1407faa029169,per_result_artifact
implementations/figure_05/analysis.py,2015,1b59150cac0001e2853057758d34e0d67de34c4b684cb9caddd6b4fcf6736289,per_result_artifact
implementations/figure_05/derived_data.csv,31290,7afded04a96f6081c3e009d028c3b94a5e6c8b89a82ceb028e0f25964ec9cd84,per_result_artifact
implementations/figure_05/Figure_05_pareto_sets.png,185657,7ad14156cf0a2aa61b6ee097f6e6b9a25a3b0c947da2279b78576af8e8534d4d,per_result_artifact
implementations/figure_05/generated_from_processed_data/Figure_05_pareto_sets.png,239840,4550695dfc6779b402a6f4f008c19ff1704339e1912d69f86f102c5481574dd8,per_result_artifact
implementations/figure_05/generated_from_processed_data/Figure_05_pareto_sets.svg,98115,2da686cedbb5e522d26cc3d6c030218ac55d9faf8294bad0dbc98718035c5116,per_result_artifact
implementations/figure_05/input_data.csv,13798,6732dd13d345901f5a2b71a2a3ff1be6f724073d3ce3ba46bb75af69da944a7f,per_result_artifact
implementations/figure_05/README.md,1240,adb9bf3729a7ec174c2b36ae28f8cb17e1f14bbe25499d04c82f2e318aedbd1c,per_result_artifact
implementations/figure_05/run.py,69,313e7db5bb295ad0499b7e4752d0033c6e6478adcd770a1b2db690eba21ec80e,per_result_artifact
implementations/figure_05/validation_report.json,813,bffb5045e5d9ca1e7ab1f9213d171d8156b3e49ca31692007631e6e893a9d61e,per_result_artifact
implementations/figure_06/analysis.py,1995,484d1cfe696ca682c1d503b320cd3d0c906050b79cd95bf7ed534393e12ceff5,per_result_artifact
implementations/figure_06/derived_data.csv,1924,060ef55dbc4cebe4f9dd316abe042e77bd9c4f3f62d2388cd49c07ab9bf22a4a,per_result_artifact
implementations/figure_06/Figure_06_parameter_sensitivity.png,162156,759d46835b053c2824f8df6a8e2a10e36b19ec1e622a0cf244d40ca1d7b14d55,per_result_artifact
implementations/figure_06/generated_from_processed_data/Figure_06_parameter_sensitivity.png,187884,433494633438bd1e94a4e341b53a7c738969d280bbae7d710c024f99eab9fa18,per_result_artifact
implementations/figure_06/generated_from_processed_data/Figure_06_parameter_sensitivity.svg,68902,14660c74579b5f799cbabe07772960d3525f3ca5892166d1c7bb7dfda28ad14d,per_result_artifact
implementations/figure_06/input_data.csv,522,a5080a941f8832f3a3c420fc4c018a210015535180b25f817d4896322bc140d7,per_result_artifact
implementations/figure_06/README.md,1183,3d92e0f880c689db6e445cbcb3d75c99a9426e1cf44b734ec9dc9c65f1095b63,per_result_artifact
implementations/figure_06/run.py,69,313e7db5bb295ad0499b7e4752d0033c6e6478adcd770a1b2db690eba21ec80e,per_result_artifact
implementations/figure_06/validation_report.json,801,7e9f0a6a80c7092c981dc97fccb68be6ac1c319c1094e1a4dc65010fe4f3bdab,per_result_artifact
implementations/figure_07/analysis.py,2108,2f3e570118d5ff0adb5253a505a3d2368e53c9d3523bca8b2e2dbc3c4fde1353,per_result_artifact
implementations/figure_07/derived_data.csv,1916,b5e98ad9eff5933aad78549da6748cf159b876940abae3c3f88dab6094d59121,per_result_artifact
implementations/figure_07/Figure_07_digitalization_sensitivity.png,245325,dbf9d705de5597f10671fb0c623819236c045235c925a79bb471dd9e6387083c,per_result_artifact
implementations/figure_07/generated_from_processed_data/Figure_07_digitalization_sensitivity.png,201419,5d8993360abb743df9ebf925ec8c62573e17251c27866dcd0f2eb37dcc774118,per_result_artifact
implementations/figure_07/generated_from_processed_data/Figure_07_digitalization_sensitivity.svg,101679,9eae7b7faa3ab483b25dd711c3029ca157dd33127bcc88694d6e7bc57f379eeb,per_result_artifact
implementations/figure_07/input_data.csv,2842,8f0261d97710d319aaedcedd49c0a591ebc8106adfd8d28de448844a4c4840cb,per_result_artifact
implementations/figure_07/README.md,1206,cb28c73ce26573d1230899845466a36797b9c65e1a40a04bf230919a3846dd4c,per_result_artifact
implementations/figure_07/run.py,69,313e7db5bb295ad0499b7e4752d0033c6e6478adcd770a1b2db690eba21ec80e,per_result_artifact
implementations/figure_07/validation_report.json,846,e172a8376208d1b6ead7601cb1727fa823817b4041b916ecb37390944aa22ef8,per_result_artifact
implementations/figure_08/analysis.py,2256,fc0379950d2ce72488dcbc843823733dc0da3a736f86f8f3380dc7b29232360b,per_result_artifact
implementations/figure_08/derived_data.csv,488,2cbc5da704d939b83c8453e66212457498c146e8614d3e96f5a68e3eced8a50a,per_result_artifact
implementations/figure_08/Figure_08_tac_sensitivity.png,183867,fffe77d3871b5bea24a65fc37ce2e4b0cdf34226e4719d760c1f56f2cc538c52,per_result_artifact
implementations/figure_08/generated_from_processed_data/Figure_08_tac_sensitivity.png,322958,ed491344602bc0581ca996dfb35de04bb1dff07494b9d2f76bc4a2c38bb19675,per_result_artifact
implementations/figure_08/generated_from_processed_data/Figure_08_tac_sensitivity.svg,121071,7444b6c9a6fcebbbd22e3136cfa816b950456db0c37d02e23fa227cb2564586c,per_result_artifact
implementations/figure_08/input_data.csv,19136,3e0301cc8f36195a6dc64ef4e26bc573a02e40c847f1eec36859e09a97542d50,per_result_artifact
implementations/figure_08/README.md,1205,8327650e6e5daf9d53644601b729c8c53dba0007e354a0fcadc1317ede94613c,per_result_artifact
implementations/figure_08/run.py,69,313e7db5bb295ad0499b7e4752d0033c6e6478adcd770a1b2db690eba21ec80e,per_result_artifact
implementations/figure_08/validation_report.json,967,f116eca820662bd57b28ad860f3cd7d6b122f64c94210db46e0ededcf4e23072,per_result_artifact
implementations/figure_09/analysis.py,2136,b32799bf6a11487fae78acc550e95e7d63d2372968464ccb7c0053a18299ca5c,per_result_artifact
implementations/figure_09/derived_data.csv,1780,9f847ffa3e408c6c7e5bedf741fd2417f60baf19928a746eac995393d095e884,per_result_artifact
implementations/figure_09/Figure_09_algorithm_ablation.png,396763,888e36d72b4a0ef9bec03102fc78fae7e274ddeaeafe82daf5a9aac2a6b572e4,per_result_artifact
implementations/figure_09/generated_from_processed_data/Figure_09_algorithm_ablation.png,312528,bc06f7c774587dac05ef62c221df9148d2dcfa448f4bb427f39b8390209458b0,per_result_artifact
implementations/figure_09/generated_from_processed_data/Figure_09_algorithm_ablation.svg,106265,2609e385d940228512bcea37c4168a0529d330c465cc21fa7f35784b444de0e7,per_result_artifact
implementations/figure_09/input_data.csv,81518,cf91d6b3b3d8b9453c8dc0972209ba643194ca9f782ccd96477a7e92ca6ee065,per_result_artifact
implementations/figure_09/README.md,1200,458518ce33af6cd6eb4d3e0e7f7f25d76568a573656a1dce666d5abfc398978f,per_result_artifact
implementations/figure_09/run.py,69,313e7db5bb295ad0499b7e4752d0033c6e6478adcd770a1b2db690eba21ec80e,per_result_artifact
implementations/figure_09/validation_report.json,859,ac606469aa9aad4747aafafee8c12fd6b105721907989598da6265c19e6dc833,per_result_artifact
implementations/figure_10/analysis.py,2079,76d2b350a3f01e9532b59200dd7f461510579974b391171b65bd7134dedb04db,per_result_artifact
implementations/figure_10/derived_data.csv,2057,dfdd9696b05e1357fd9b5f37fe453a3b989c69161c7f64b8d9e82bde1fbf7799,per_result_artifact
implementations/figure_10/Figure_10_module_ablation.png,164455,22ae5f22831178df423b02b1a2c02d0265a9a0f27e08414cd1cf10076171c577,per_result_artifact
implementations/figure_10/generated_from_processed_data/Figure_10_module_ablation.png,154443,eb839fb0ebbef80685354f5ff170c0d8dced17115814adabf221ef1c358c6ff7,per_result_artifact
implementations/figure_10/generated_from_processed_data/Figure_10_module_ablation.svg,85759,f796710db67a47ffbc66427d91be65bcdd9754f043501acb34543acbea2c5768,per_result_artifact
implementations/figure_10/input_data.csv,564,c8e9643fba1a294ad6eb41c572257f5956d8c84ca53c2e26f467ccbd81e8cd91,per_result_artifact
implementations/figure_10/README.md,1171,55550d675915e74f1d63e4d2558744735902262423f50daadc7f98af348de125,per_result_artifact
implementations/figure_10/run.py,69,313e7db5bb295ad0499b7e4752d0033c6e6478adcd770a1b2db690eba21ec80e,per_result_artifact
implementations/figure_10/validation_report.json,844,c8954c3bfd5e8d2206c127f6f8fc637680247f62f38f714a57443de2892049ca,per_result_artifact
implementations/model_248d/experiment_output/algorithm_summary.csv,673,cb253cdabd59b2b9a2f8c992d0c574c54a3ac39a12160565f500b8a9b0e379df,per_result_artifact
implementations/model_248d/experiment_output/config_snapshot.yaml,524,57d67fe5d1ed44c8ff0770412ec07ab0983dd32d67f5066933e91df59c01c0eb,per_result_artifact
implementations/model_248d/experiment_output/final_population_decision_vectors.csv,3459837,b32c2e4c25512866c0633ef0c893fb89d82da19814be9a3ea29b2296eee7f351,per_result_artifact
implementations/model_248d/experiment_output/final_population_objectives_constraints.csv,267060,60dbb9709aa6aedf2f854b8f775f550563c85c6445335ac493d031c0e4527056,per_result_artifact
implementations/model_248d/experiment_output/generation_log.csv,89486,329792f244c9219f849540d769c7f0c062dec9058aeb12f2563f03f557f89629,per_result_artifact
implementations/model_248d/experiment_output/reference_relocation_log.csv,756,e6e9ed3700b1dacd69f6c26d3c7de59c7c50278731e7b6d096509af0132dffcb,per_result_artifact
implementations/model_248d/experiment_output/run_metadata.json,2123,82e11504245e228608a12ea54fe9b4fe7f3ff164e61aa193b53bda8b78f8fec6,per_result_artifact
implementations/model_248d/experiment_output/run_summary.csv,2781,01f668384b544dad70d2965b9d06502bbd61e86761cf692882a703d87d9e380c,per_result_artifact
implementations/model_248d/processed_demo.yaml,524,57d67fe5d1ed44c8ff0770412ec07ab0983dd32d67f5066933e91df59c01c0eb,per_result_artifact
implementations/model_248d/README.md,845,6c728b22eac9b01dbb6d5fbadbc1f80aa536220f5b8b3531afeb933356bc65d7,per_result_artifact
implementations/model_248d/run.py,422,8c10a3be05d481758983354bc8e63fdf5216ff2607e3a975ea284ee7e591470d,per_result_artifact
implementations/model_248d/smoke_summary.csv,561,04d41e817f1d5e4bb23c7301f79d12ff46958a9c16d415a8811df68de0b477a5,per_result_artifact
implementations/model_248d/source_snapshot/benchmark.py,5547,bc2e547412cf517c42b4a8904da3f4fcb16ec7340fd38f20077ce18cbe3579a3,per_result_artifact
implementations/model_248d/source_snapshot/experiment.py,18663,f407198e0d741773aaa2fd02fdabfa8d390c0c8999b1cc7ac19773ac9733e0bf,per_result_artifact
implementations/model_248d/source_snapshot/model.py,8915,b3a9c6a93341f30b124404a60abef0050ff578fc8b5bff193e021638257aef76,per_result_artifact
implementations/README.md,883,21f996cb080b092bf57dd66b8af5d8455670694aa6ffd50d4367963b867957ad,per_result_artifact
implementations/table_01/analysis.py,1763,c2500e6d02041a5709457f3b462b098263d3f672a9e8fb38284b6ca085228cea,per_result_artifact
implementations/table_01/data.csv,263,60ac20ce36ebd8f3f99859c16a5e1b01cec96a00eb45dd9759f3bb9ca2cd0490,per_result_artifact
implementations/table_01/README.md,389,0b0040e29279707101fb7addec5ffbc9cde28147e176cf81e0a5b801ba667c0f,per_result_artifact
implementations/table_01/validate.py,69,313e7db5bb295ad0499b7e4752d0033c6e6478adcd770a1b2db690eba21ec80e,per_result_artifact
implementations/table_01/validation_report.json,286,fa427e02eff15c61c486263b6e7e037fb0f161b72b6426fe082d74daf38135f0,per_result_artifact
implementations/table_02/analysis.py,1923,1c2dcc7c94d3a962aa4999fa16b4b68a609d3cae27d3090c2fe091a7a137f48b,per_result_artifact
implementations/table_02/data.csv,954,3029daeb634f8d32973b906f8931795640a4f7fbec6a211f21cc8fc3d7b126b8,per_result_artifact
implementations/table_02/README.md,389,65961c0c0b986b920eed5a952306a3bcc144390976b81f60278094e28443d734,per_result_artifact
implementations/table_02/validate.py,69,313e7db5bb295ad0499b7e4752d0033c6e6478adcd770a1b2db690eba21ec80e,per_result_artifact
implementations/table_02/validation_report.json,472,420346dee2dfd5ad0fc402c7cd250bab7a46f898a9d5e1ce18459105757bfb06,per_result_artifact
implementations/table_03/analysis.py,1913,e7242145a82a396d82820ebacb862968143d09b3aba51cbabe9212d496b215d9,per_result_artifact
implementations/table_03/data.csv,933,eb05da9a5aeda2befb52fa8588f5c1106a9babf83963ea5e7ab3b95ca3f15b6d,per_result_artifact
implementations/table_03/README.md,393,fa6ddf0dd8b718a52f26de75c144f239e618c0160f17b81ef1cb9314c9b7fa8a,per_result_artifact
implementations/table_03/validate.py,69,313e7db5bb295ad0499b7e4752d0033c6e6478adcd770a1b2db690eba21ec80e,per_result_artifact
implementations/table_03/validation_report.json,457,311f6f35437ca14841d5688f884f13bf1a10a4c2b79c0a2ea4df4a7894392230,per_result_artifact
implementations/table_04/analysis.py,1763,4b4892f9ace1975f153d987aac6b0e6ef8afc25edcfc9b26576146a621038f14,per_result_artifact
implementations/table_04/data.csv,846,9f02ae4c5d4dcb509afbc816cb8219c081f10e0c823044f5309d975a63d1e6f4,per_result_artifact
implementations/table_04/README.md,393,3b0f2bfe9dc77bb6463102ed6d56dd6f356c08aa001f255d13cad59928cb7701,per_result_artifact
implementations/table_04/validate.py,69,313e7db5bb295ad0499b7e4752d0033c6e6478adcd770a1b2db690eba21ec80e,per_result_artifact
implementations/table_04/validation_report.json,287,62a7291126c6db358df61a47e4aecc46a3de911433ac0b0512753df52e75884b,per_result_artifact
LICENSE,1093,7d5885f736c1a0708cdce462e211e3a62af8a7d4332cda312f441ca3c5dc0ee0,documentation_or_license
pyproject.toml,736,23fdb9d693e1a71092c3870ac93c2d919029ecd2db461b3cf99152a6a7333c34,code_or_configuration
README.md,4775,198c21d731a5b3003f88b1fca26fdd26a8e3de3ec9c518ca275207192277398c,documentation_or_license
README_zh.md,4532,d93813a611552ba9288644cc28892a59858740c8bd914f20a1b0715a79f78469,documentation_or_license
requirements-dev.txt,35,d4b8739e40a82c0f18ecf4dd632361b5b7023e1abaec5e60091f2ffba9d5ff0b,documentation_or_license
requirements.txt,104,ad8e842a3e1579e54862a9d4bc3c2eee63dc12d767967b2600b267aac41e0116,documentation_or_license
results/benchmark/smoke_summary.csv,562,1d87a5e55cd3098ac485fc13135b6b20ebcd7ee43ff4f75cac1e5ccd414245fd,processed_data
results/data/figure_02_convergence.csv,29645,eb88a416870530283f6fd94fff6ea15cdf00aa24b942043ae358294faa3a69f6,processed_data
results/data/figure_03_boxplots.csv,8604,16075dc173bedab98dc899ecc4c94498bb508cba931e94282c495d649a1b3ca7,processed_data
results/data/figure_04_kpis.csv,447,054db8c4d8773c61588d994306ca2cd60b7715f1b7ae3a45395054ee10927845,processed_data
results/data/figure_05_pareto.csv,13798,6732dd13d345901f5a2b71a2a3ff1be6f724073d3ce3ba46bb75af69da944a7f,processed_data
results/data/figure_06_parameter_sensitivity.csv,522,a5080a941f8832f3a3c420fc4c018a210015535180b25f817d4896322bc140d7,processed_data
results/data/figure_07_digitalization_sensitivity.csv,2842,8f0261d97710d319aaedcedd49c0a591ebc8106adfd8d28de448844a4c4840cb,processed_data
results/data/figure_08_tac_sensitivity.csv,19136,3e0301cc8f36195a6dc64ef4e26bc573a02e40c847f1eec36859e09a97542d50,processed_data
results/data/figure_09_algorithm_ablation.csv,81518,cf91d6b3b3d8b9453c8dc0972209ba643194ca9f782ccd96477a7e92ca6ee065,processed_data
results/data/figure_10_module_ablation.csv,564,c8e9643fba1a294ad6eb41c572257f5956d8c84ca53c2e26f467ccbd81e8cd91,processed_data
results/experiments/processed_demo/algorithm_summary.csv,673,cb253cdabd59b2b9a2f8c992d0c574c54a3ac39a12160565f500b8a9b0e379df,processed_data
results/experiments/processed_demo/config_snapshot.yaml,524,57d67fe5d1ed44c8ff0770412ec07ab0983dd32d67f5066933e91df59c01c0eb,processed_data
results/experiments/processed_demo/final_population_decision_vectors.csv,3459837,b32c2e4c25512866c0633ef0c893fb89d82da19814be9a3ea29b2296eee7f351,processed_data
results/experiments/processed_demo/final_population_objectives_constraints.csv,267060,60dbb9709aa6aedf2f854b8f775f550563c85c6445335ac493d031c0e4527056,processed_data
results/experiments/processed_demo/generation_log.csv,89486,329792f244c9219f849540d769c7f0c062dec9058aeb12f2563f03f557f89629,processed_data
results/experiments/processed_demo/reference_relocation_log.csv,756,e6e9ed3700b1dacd69f6c26d3c7de59c7c50278731e7b6d096509af0132dffcb,processed_data
results/experiments/processed_demo/run_metadata.json,2123,82e11504245e228608a12ea54fe9b4fe7f3ff164e61aa193b53bda8b78f8fec6,processed_data
results/experiments/processed_demo/run_summary.csv,2781,01f668384b544dad70d2965b9d06502bbd61e86761cf692882a703d87d9e380c,processed_data
results/figures/Figure_01_PPMS_MOO_architecture.png,2584387,09e2ed8b68a29a419610e4cb4b159d26846b853814029bb1da2faf9dae7c89ab,processed_data
results/figures/Figure_02_convergence.png,185035,9c17a3ad61442917bb7d4e233a9812fb04ef94f363413a38d2537fbc5d86a2d5,processed_data
results/figures/Figure_03_statistical_comparison.png,87133,16857bcd36597fe4e38ff651f1dbf88e6ef99e4c8ca8aa3f7d8b955249afd80c,processed_data
results/figures/Figure_04_kpi_radar.png,179477,9edd9b4791b59820a762dfe8cb85ef961e4490124490df0d9430bc779f2b42b8,processed_data
results/figures/Figure_05_pareto_sets.png,185657,7ad14156cf0a2aa61b6ee097f6e6b9a25a3b0c947da2279b78576af8e8534d4d,processed_data
results/figures/Figure_06_parameter_sensitivity.png,162156,759d46835b053c2824f8df6a8e2a10e36b19ec1e622a0cf244d40ca1d7b14d55,processed_data
results/figures/Figure_07_digitalization_sensitivity.png,245325,dbf9d705de5597f10671fb0c623819236c045235c925a79bb471dd9e6387083c,processed_data
results/figures/Figure_08_tac_sensitivity.png,183867,fffe77d3871b5bea24a65fc37ce2e4b0cdf34226e4719d760c1f56f2cc538c52,processed_data
results/figures/Figure_09_algorithm_ablation.png,396763,888e36d72b4a0ef9bec03102fc78fae7e274ddeaeafe82daf5a9aac2a6b572e4,processed_data
results/figures/Figure_10_module_ablation.png,164455,22ae5f22831178df423b02b1a2c02d0265a9a0f27e08414cd1cf10076171c577,processed_data
results/MANIFEST.csv,6322,9fb96e34dfa93ed6e076ce3f6357520d4940f02741a339ed57008327f6d2c86a,processed_data
results/PACKAGE_VALIDATION.csv,2623,1642203b48adb47d27c93028f25e6a664843c28b171961f4ecfebad337275d57,processed_data
results/processed_data_replots/Figure_01_PPMS_MOO_architecture.png,197523,94d84715cf8b13095657b2c7ad62ced43395336b4b513c201b5aa44f64a6a54a,processed_data
results/processed_data_replots/Figure_01_PPMS_MOO_architecture.svg,92317,c5d71bd9316470b65b2e38590ccbbb1415079dcf8fbec5f6a63dbf254287d107,processed_data
results/processed_data_replots/Figure_02_convergence.png,208114,373eea00fcc24334cfcc1a4ba63fe699eb874d8c2bf5bf816089a3be1581e4ac,processed_data
results/processed_data_replots/Figure_02_convergence.svg,86516,e898408fde03e5a3f4ead8605a58bbac762ef49e2556c83a2c42fa581a22e6b3,processed_data
results/processed_data_replots/Figure_03_statistical_comparison.png,101524,81d7a39a6f5330e4bcf4eecf25d77a588b5611d22ab1ee9c5e6393364fce1b89,processed_data
results/processed_data_replots/Figure_03_statistical_comparison.svg,71896,009a9319f34af03bb2c151135ee465f861ec5cf41520655c7f64c72cf3527e44,processed_data
results/processed_data_replots/Figure_04_kpi_radar.png,219378,4780368954ce5652c66f8afe3ddf3316f3512cb1fab817ee032952a3835c0c1e,processed_data
results/processed_data_replots/Figure_04_kpi_radar.svg,44504,44b0cc7eb635281d440265794d7c6cffaca3640373a2ca3bcd293dccc1456cfe,processed_data
results/processed_data_replots/Figure_05_pareto_sets.png,239840,4550695dfc6779b402a6f4f008c19ff1704339e1912d69f86f102c5481574dd8,processed_data
results/processed_data_replots/Figure_05_pareto_sets.svg,98115,2da686cedbb5e522d26cc3d6c030218ac55d9faf8294bad0dbc98718035c5116,processed_data
results/processed_data_replots/Figure_06_parameter_sensitivity.png,187884,433494633438bd1e94a4e341b53a7c738969d280bbae7d710c024f99eab9fa18,processed_data
results/processed_data_replots/Figure_06_parameter_sensitivity.svg,68902,14660c74579b5f799cbabe07772960d3525f3ca5892166d1c7bb7dfda28ad14d,processed_data
results/processed_data_replots/Figure_07_digitalization_sensitivity.png,201419,5d8993360abb743df9ebf925ec8c62573e17251c27866dcd0f2eb37dcc774118,processed_data
results/processed_data_replots/Figure_07_digitalization_sensitivity.svg,101679,9eae7b7faa3ab483b25dd711c3029ca157dd33127bcc88694d6e7bc57f379eeb,processed_data
results/processed_data_replots/Figure_08_tac_sensitivity.png,322958,ed491344602bc0581ca996dfb35de04bb1dff07494b9d2f76bc4a2c38bb19675,processed_data
results/processed_data_replots/Figure_08_tac_sensitivity.svg,121071,7444b6c9a6fcebbbd22e3136cfa816b950456db0c37d02e23fa227cb2564586c,processed_data
results/processed_data_replots/Figure_09_algorithm_ablation.png,312528,bc06f7c774587dac05ef62c221df9148d2dcfa448f4bb427f39b8390209458b0,processed_data
results/processed_data_replots/Figure_09_algorithm_ablation.svg,106265,2609e385d940228512bcea37c4168a0529d330c465cc21fa7f35784b444de0e7,processed_data
results/processed_data_replots/Figure_10_module_ablation.png,154443,eb839fb0ebbef80685354f5ff170c0d8dced17115814adabf221ef1c358c6ff7,processed_data
results/processed_data_replots/Figure_10_module_ablation.svg,85759,f796710db67a47ffbc66427d91be65bcdd9754f043501acb34543acbea2c5768,processed_data
results/tables/data_audit.csv,1123,666cedc2eb87872409426fd2b42014807357f3f91fea66a3744ac786d2683faf,processed_data
scripts/build_artifact_manifest.py,2152,3d660167a302dbdc42019fe67c1f84dcc28bad2a9561308576362bc839ec6e18,code_or_configuration
scripts/build_implementation_bundles.py,12358,91a62250feda6905c9f616655606268c48fe5772c03f5e6653a03b9e1143206f,code_or_configuration
scripts/build_public_data_workbook.mjs,5409,dea0217e3500cf3d63373cdbbe9b60b3171f39cd20616023d8b1ab3843fbb07c,documentation_or_license
scripts/download_public_sources.py,1100,e30956c8d1133fa7fe55467e463f0a4cfa4489bf7e14d1aafcec9a75d044d074,code_or_configuration
scripts/fetch_public_data.py,185,e591f34e654189f526ab820e1feb3deb0565940f869946a243807e6e8a6768f2,code_or_configuration
scripts/import_manuscript_figures.py,1053,253dc1d81ceb799e3e2a9463dc5792e516bc63ff79a186de1c3edeb7f01c272d,code_or_configuration
scripts/reproduce_research_artifact.py,1129,34599f9b029c86c9bd68f331eb86151c13ae8c107a9187ee66fa2f865c5c3d31,code_or_configuration
scripts/run_all.py,76,dad3b93c5bab814792671aafd301b67461c06bde4c59648956ec2a8a93ff4337,code_or_configuration
scripts/validate_reproducibility_package.py,3876,215b8b9b4094a1d61b82eea08f4197f715c1d14929859188d08616795f12f494,code_or_configuration
src/fishery_repro/__init__.py,99,856daa81b51149b3037cd870038042af1230300f21a47e161bb8b77c87b607f1,code_or_configuration
src/fishery_repro/__main__.py,63,d7815f9da17bcd8e79d1d47170e5795e29cc5837f97d1049664813068a9e563f,code_or_configuration
src/fishery_repro/benchmark.py,5547,bc2e547412cf517c42b4a8904da3f4fcb16ec7340fd38f20077ce18cbe3579a3,code_or_configuration
src/fishery_repro/calibrated.py,9627,96d0e3c23775427176b02f49cf5adea9dc31a9a14c722988c0328699cdfd1852,code_or_configuration
src/fishery_repro/cli.py,2969,dc974757ba84e718a0da97d9963b5afb456d0c73d047aa455cb0ddd3ebf53ac7,code_or_configuration
src/fishery_repro/config.py,351,cbe963586451e13672f3440fd76663fb76e9c93df446e47f4db8583c1ad423ee,code_or_configuration
src/fishery_repro/dataset.py,2784,d0836d0a4fc9d9601da658e4d703b3ae1d81a5c0fabfb83f72edc21d6a2772a8,code_or_configuration
src/fishery_repro/experiment.py,18663,f407198e0d741773aaa2fd02fdabfa8d390c0c8999b1cc7ac19773ac9733e0bf,code_or_configuration
src/fishery_repro/figures.py,15228,b73ed262e6d1ab0fa6efaf745c36d30fec38887b137be00e12764ab9f3eef666,code_or_configuration
src/fishery_repro/manifest.py,997,9418f15e58b21c9b59b0ffc1994adf445e0f73cfc3d427a3d35dbe974ae80026,code_or_configuration
src/fishery_repro/manuscript_figures.py,8203,06db5671b48b611e536690aceb763fdb252791c2e5bf5429fc98ec52f63b1292,code_or_configuration
src/fishery_repro/model.py,8915,b3a9c6a93341f30b124404a60abef0050ff578fc8b5bff193e021638257aef76,code_or_configuration
src/fishery_repro/public_data.py,10336,93de02610216314dd3dc3a25072b7e2811c5541f6a12e0ab3556a4bef0216fdb,code_or_configuration
src/fishery_repro/result_pipeline.py,18255,f6b1dab12449535d91682f27a844f45b27b3609a71ea2c14e7dbdc36931c15a5,code_or_configuration
tests/test_data.py,886,1777e84b54e451aeae57f8de2c9e7c509ee401c32f8d2021e8018697c6628fd0,code_or_configuration
tests/test_experiment.py,1303,d22159e8af10bd831d3ed47f389e2f7e9202b4941f795b7baf5e93e77b650b1f,code_or_configuration
tests/test_figures.py,637,c719f8793a9996645bda5642092cd1092202db161dc2a544bb446614dcee38da,code_or_configuration
tests/test_implementation_bundles.py,1175,a042fd4d056d81387166a6f0b60c38ef4845a67c166f237a255f34dc82c23ea0,code_or_configuration
tests/test_manifest.py,430,c1de395801c3dc03e5e6fa53e735cb344c874da9a9de82aed12160d011f507d5,code_or_configuration
tests/test_manuscript_figures.py,1800,7a475fbf6ad8217c008ff2d340f1310cdef2fb653fcb5c98aa0c5a01edf9be86,code_or_configuration
tests/test_model.py,623,d69575c2c776dcc28c4927fa0e2a26cbd30e8bb64ee07c88a55bffda49abf835,code_or_configuration
tests/test_public_data.py,1214,86bed7920eabc6031a3101b9186a7b1f7410ffb4168990a34f1236c469dbf229,code_or_configuration
tests/test_result_pipeline.py,694,3097a74ad9f5e4b17bb328382fca5846ba2bb21d252963064b0cac87576005f1,code_or_configuration
