algorithm,F1,F2,F3
IA-NSGA-III,0.5601621200890676,0.794693106376239,0.6122470499927897
IA-NSGA-III,0.5148209093333407,0.614646948156921,0.7618990028726137
IA-NSGA-III,0.6585956846463558,0.597263449816065,0.7248877279568177
IA-NSGA-III,0.6766421070986022,0.6560271587548526,0.8751774310145432
IA-NSGA-III,0.8614520486315934,0.5287888051667445,0.791756720347887
IA-NSGA-III,0.5637632375556908,0.5866712184074352,0.7274052367013393
IA-NSGA-III,0.2301608618932829,0.7528727428700379,0.4775783569536881
IA-NSGA-III,0.4900928765821642,0.7597407716340462,0.6612529727533251
IA-NSGA-III,0.8225204908613724,0.47186217816948695,0.5798227695450506
IA-NSGA-III,0.42784848221852173,0.6390637716564105,0.735643195638944
IA-NSGA-III,0.18855723279122394,0.7601143815051844,0.5648946081078037
IA-NSGA-III,0.8678083765743427,0.4171412158125293,0.9126603515622669
IA-NSGA-III,0.40699153176158154,0.8246385082746729,0.3615333308351558
IA-NSGA-III,0.5374756801843346,0.630739451286814,0.6958803828926606
IA-NSGA-III,0.6793035901169351,0.5796066704052457,0.6838796281748826
IA-NSGA-III,0.2970909338561571,0.7309066054408193,0.40180558396340876
IA-NSGA-III,0.36560614677137415,0.912879307059791,0.34300725848532354
IA-NSGA-III,0.9226028566031584,0.5011107162525841,0.7905389542929423
IA-NSGA-III,0.8426027961062482,0.5219413455764366,0.8564022651026072
IA-NSGA-III,0.916520719144449,0.397077340736109,0.6700282858969301
IA-NSGA-III,0.557488509646016,0.6345044368172927,0.6896067803571024
IA-NSGA-III,0.9281116788499761,0.4013147431805358,0.8217577672937915
IA-NSGA-III,0.541291745586704,0.7200796772101082,0.7030646876522331
IA-NSGA-III,0.29707174330408825,0.7914275485363684,0.4511621523974332
IA-NSGA-III,0.5307782658537828,0.7499369188132394,0.702953893269747
IA-NSGA-III,0.7382422044224279,0.6067001363499973,0.7707445642800881
IA-NSGA-III,0.7159709233643226,0.645053003564589,0.7232446683769014
IA-NSGA-III,0.46555798146492605,0.6169891743900551,0.5704007286302519
IA-NSGA-III,0.11091546373834937,0.985340445751363,0.3704748537968913
IA-NSGA-III,0.3976627925446345,0.7054301657507983,0.6032657214590247
IA-NSGA-III,0.5685357892648504,0.7274527170948334,0.6122260618102093
IA-NSGA-III,0.6020908653178413,0.6414925364488464,0.6059003192224058
IA-NSGA-III,0.691884999579411,0.6612845676928448,0.7350037068399422
IA-NSGA-III,0.5972292480921121,0.5577131947385257,0.6652277630346916
IA-NSGA-III,0.3391284502689236,0.6856177104875187,0.6653123373081757
IA-NSGA-III,0.502596076070438,0.6604889880889921,0.48750078974070554
IA-NSGA-III,0.7629795854407843,0.45485608379287756,0.8719119016888902
IA-NSGA-III,0.537995478434178,0.7118957838380701,0.6138610075598185
IA-NSGA-III,0.5603970457095926,0.692003467809791,0.7295010523954065
IA-NSGA-III,0.6430476125605157,0.5176707983257012,0.6900383370306207
IA-NSGA-III,0.2465877510459121,0.7743759208661452,0.6171543481954935
IA-NSGA-III,0.8425019220245131,0.6063094744991953,0.7506661062500513
IA-NSGA-III,0.33658201043285524,0.7213134451807485,0.555155086758095
IA-NSGA-III,0.6254364255033181,0.603516814540972,0.69178430212872
IA-NSGA-III,0.279167825190484,0.7270142239322965,0.4456116963742699
IA-NSGA-III,0.44514142962347164,0.726632672159703,0.6433901006589757
IA-NSGA-III,0.7630819606666177,0.6787897129996276,0.7978337360274905
IA-NSGA-III,0.7412530255555051,0.6462195354121887,0.6434255739240036
IA-NSGA-III,0.7817632123939249,0.6651666622837078,0.8103037828762493
IA-NSGA-III,0.46256990211980575,0.7185599653416782,0.3861622754854315
IA-NSGA-III,0.571808476242985,0.6785275618980193,0.6622872519542788
IA-NSGA-III,0.6658902592817834,0.6022924096060173,0.7990017370737317
IA-NSGA-III,0.4227012975706004,0.730002408855539,0.5275824374708563
IA-NSGA-III,0.31649799531282663,0.8152530270259944,0.5770012266747534
IA-NSGA-III,0.5480564258800976,0.6764200868198811,0.5489230738516263
IA-NSGA-III,0.21940320612993328,0.8341795762683651,0.444052673370622
IA-NSGA-III,0.6010796437495542,0.6712703108685584,0.6336296448666109
IA-NSGA-III,0.23222705891310333,0.8678739474913084,0.45713492880108547
IA-NSGA-III,0.4349614216553887,0.7504388856228955,0.4469142441443178
IA-NSGA-III,0.522727049636566,0.6004791514639959,0.6969758084571409
IA-NSGA-III,0.6444526814100705,0.6627340849364706,0.680627068328193
IA-NSGA-III,0.7934964893029811,0.6380865360401792,0.7190019973546632
IA-NSGA-III,0.250832435689699,0.775437700764861,0.3713587837387169
IA-NSGA-III,0.5537086241478524,0.6175605789446212,0.6973650506511517
IA-NSGA-III,0.4828001637444748,0.795908152590945,0.5382827978162796
IA-NSGA-III,0.4758485117542476,0.692443319586822,0.6623610517637722
IA-NSGA-III,0.4960190236366903,0.6870860370699998,0.5405955511851107
IA-NSGA-III,0.598691260618272,0.576733683441663,0.7624417377511357
IA-NSGA-III,0.5591439745452859,0.6565376012318377,0.6800958514504877
IA-NSGA-III,0.609800138144903,0.6438511492740223,0.602709211765375
IA-NSGA-III,0.566699786919027,0.7107021625487616,0.7657738518664612
IA-NSGA-III,0.6988419482190297,0.4625144186720683,0.6913497662298919
IA-NSGA-III,0.46404627836235757,0.6663639703468309,0.4662282125786616
IA-NSGA-III,0.8345018686017682,0.5219117364132646,0.8050045546476267
IA-NSGA-III,0.8856128138167431,0.6126219516518695,0.7924781411941411
IA-NSGA-III,0.6291192420763163,0.4945387369170081,0.6653547430504754
IA-NSGA-III,0.8468420343405401,0.696609684823682,0.9280906694804899
IA-NSGA-III,0.7155120548001681,0.6099939439629333,0.6816653140087447
IA-NSGA-III,0.528951085605794,0.6298979169307444,0.7587131807565178
IA-NSGA-III,0.05555061818682913,0.8334900935333484,0.5164255567604187
IA-NSGA-III,0.17353096602528412,0.8386974848469171,0.2592778780478948
IA-NSGA-III,0.5620049076912528,0.6663329059329156,0.6906925581004726
IA-NSGA-III,0.2965497996163735,0.7438451730350153,0.5769199716109766
IA-NSGA-III,0.6294195393328138,0.6346474696315323,0.7897587106607796
IA-NSGA-III,0.32134377537690845,0.8054261632318638,0.5731106300816697
IA-NSGA-III,0.38334348662022466,0.8107040392596042,0.5677518006759503
IA-NSGA-III,0.22065418664848188,0.8087731917449126,0.6170716589437442
IA-NSGA-III,0.5790762135147031,0.7513832270588648,0.6520404529395524
IA-NSGA-III,0.20878206221867948,0.919608476872248,0.45295515443457135
IA-NSGA-III,0.599375719364001,0.661442465088365,0.5739952873380292
IA-NSGA-III,0.4296289174302948,0.7023352644569996,0.6118426923853552
IA-NSGA-III,0.7186035014331835,0.48369640213743004,0.8191428499654223
IA-NSGA-III,0.6824475404978319,0.5975229216560947,0.5976030400781596
IA-NSGA-III,0.8410148975181334,0.37487351263046476,0.6464107738319766
IA-NSGA-III,0.5173103242848194,0.5956005035433873,0.6511782014531123
IA-NSGA-III,0.5688879436742696,0.6482132551644806,0.576886744072016
IA-NSGA-III,0.5335919548701544,0.721907764298974,0.6543542130548738
IA-NSGA-III,0.796982402569708,0.5533961902712522,0.858519465564385
IA-NSGA-III,0.916889946261007,0.4034173436781801,0.790651601964009
IA-NSGA-III,0.7461562629937271,0.4591418817644642,0.6112691397042171
IA-NSGA-III,0.7473654935928447,0.554584719247891,0.7788334813744064
IA-NSGA-III,0.374567863143687,0.6788026029517661,0.40170125683781244
IA-NSGA-III,0.41541842886751457,0.6855360714305494,0.6886734175241629
IA-NSGA-III,0.7119842291072662,0.5255573059446981,0.6234099059561923
IA-NSGA-III,0.9419990493552034,0.586179641892167,0.8062112257948768
IA-NSGA-III,0.5725474540585535,0.7724777157131113,0.659115969712486
IA-NSGA-III,0.8679949393080709,0.47457784135236214,0.8507370894265929
IA-NSGA-III,0.4171826318304999,0.7565246435189955,0.4656752474405056
IA-NSGA-III,0.3266680410394546,0.8468900281342168,0.5946430473129176
IA-NSGA-III,0.6379349717546364,0.668257568854622,0.5702511879900471
IA-NSGA-III,0.48451559314948756,0.6267449261388056,0.5387696859883229
IA-NSGA-III,0.5552733637238678,0.6466960585625063,0.6012063035366068
IA-NSGA-III,0.08942169347100863,0.9425863116327781,0.559746110444381
IA-NSGA-III,0.458970497940789,0.8243915169780726,0.60079652804016
IA-NSGA-III,0.49798363941846635,0.7075675750436772,0.5905864904494698
IA-NSGA-III,0.40947493233321347,0.667669923174179,0.5777631832086947
IA-NSGA-III,0.5916147249864048,0.5852265087835299,0.6501362306960923
IA-NSGA-III,0.19187582608025905,0.8392331620664893,0.4051620473406129
IA-NSGA-III,0.8851335862584091,0.39469424004481973,0.7932604882136588
IA-NSGA-III,0.9725896103532217,0.42355262394793364,0.9286474574188679
NSGA-III,0.7363219448669002,0.33507057836151216,0.6265066082188554
NSGA-III,0.2871848371098391,0.526782525928638,0.41428047573891524
NSGA-III,0.8919329224227007,0.3927404715634514,0.6775444509817231
NSGA-III,0.7410093533861211,0.3697901828305515,0.6517902015566327
NSGA-III,0.13602624869008376,0.6811620187593451,0.4738265887406594
NSGA-III,0.8193052188423544,0.401670722360539,0.5887725275333837
NSGA-III,0.7203714172163113,0.4357171917428715,0.7533261098718848
NSGA-III,0.20891356471330577,0.5329393536713448,0.29328938941900407
NSGA-III,0.9036168357300612,0.17876115429222622,0.6583919695061823
NSGA-III,0.725528716159325,0.4375295066745025,0.5938646606320219
NSGA-III,0.9537703518182974,0.23848190691633164,0.8671866239272155
NSGA-III,0.24427813101486257,0.7071254271934865,0.42580246987976267
NSGA-III,0.25877078319150765,0.6445371495596013,0.4250667370152058
NSGA-III,0.23094128674241435,0.7218952675897898,0.4661804053963764
NSGA-III,0.7150989471452477,0.43325894880244487,0.641298047771781
NSGA-III,0.4961686826692549,0.7153691471873911,0.5590718951460053
NSGA-III,0.3797486091637541,0.5994202161189897,0.4723975756434208
NSGA-III,0.763068740526949,0.4512240361108538,0.6842145712033774
NSGA-III,0.5258319077293095,0.6139514415787518,0.5112412240634407
NSGA-III,0.8321737106770677,0.3236998132464492,0.7974070123488302
NSGA-III,0.8242435090412432,0.4633457770109892,0.7767432508847755
NSGA-III,0.3014684606953561,0.7232028788168063,0.41137228704745166
NSGA-III,0.9699652400431096,0.3147993969394833,0.7080425495224555
NSGA-III,0.05335788047722075,0.8330272611702624,0.32770844317289993
NSGA-III,0.630681371162088,0.47979724748077146,0.5693518979120278
NSGA-III,0.48177114608357324,0.506213489587251,0.48577310530441487
NSGA-III,0.4264020848686304,0.6753778415979842,0.5079055898094745
NSGA-III,0.6408905930861237,0.5003938246578296,0.7153207460084017
NSGA-III,0.37431521118561817,0.45932566321830937,0.4760863282955715
NSGA-III,0.04544208473632842,0.7743930599827314,0.3153942286125375
NSGA-III,0.6846581702934798,0.40763218153474945,0.7594576850872394
NSGA-III,0.6975565926135202,0.49251113820136616,0.6200603529079993
NSGA-III,0.4248594952347207,0.6155470884903863,0.4320120748248545
NSGA-III,0.00419797030643053,0.7259398945752558,0.23310124957943099
NSGA-III,0.16611557724209153,0.6237826749197842,0.3896060600089628
NSGA-III,0.3968275050608548,0.5921463053899776,0.36272831372045944
NSGA-III,0.39782495254673095,0.5504897816560516,0.6651023245201528
NSGA-III,0.5386509105305299,0.5205106877583533,0.6797999903003261
NSGA-III,0.408003652585703,0.5183391564209942,0.6112555648262582
NSGA-III,0.3097524285318438,0.576734860807825,0.5585782620337114
NSGA-III,0.5798808023393051,0.46016682936990316,0.6752603512445843
NSGA-III,0.4097390470737848,0.6075788382702354,0.3294680020566718
NSGA-III,0.5448489375489641,0.4840612298734399,0.7106829962480052
NSGA-III,0.7309454424564362,0.3914170281410553,0.6185004893188529
NSGA-III,0.1541487196997944,0.7501128893693838,0.3742539880889535
NSGA-III,0.30810025282071635,0.6791839672604669,0.4223707086316191
NSGA-III,0.5191854543212272,0.5488146999309804,0.5852710847520285
NSGA-III,0.3887081383951276,0.5742314807864656,0.5382565861434381
NSGA-III,0.34662101662018896,0.6602828140810557,0.5334039248618099
NSGA-III,0.9095344925405667,0.3608247343919953,0.6411903391846752
NSGA-III,0.4747797563181565,0.5473376825583715,0.5806597177857123
NSGA-III,0.27532042639293425,0.8965498314604817,0.46169055533486947
NSGA-III,0.3099227022183529,0.683822698479805,0.42903445273607743
NSGA-III,0.3547704849085754,0.6547091309327273,0.42165873620772587
NSGA-III,0.6345782004158729,0.4655856499219848,0.6912002417840307
NSGA-III,0.29345371046746954,0.6576154944763171,0.43596446342583983
NSGA-III,0.8927349651664044,0.3539380108546995,0.8068800137815174
NSGA-III,0.694979364903475,0.3569434011154874,0.6022492581291072
NSGA-III,0.46577071305567735,0.48199753379019994,0.48747113183740687
NSGA-III,0.5258153789577138,0.3823916576153683,0.45383785411957156
NSGA-III,0.07328346196625764,0.7463360184186997,0.45954560554039914
NSGA-III,0.6698043405993839,0.392638605457471,0.6208022109678527
NSGA-III,0.4801993929878792,0.5655285521504169,0.3316883415624454
NSGA-III,0.3641823789373538,0.5580059468387187,0.5112365062659673
NSGA-III,0.4847584071801541,0.48510401654730495,0.560511352483803
NSGA-III,0.8443936059997048,0.4121252716912055,0.7991973148957312
NSGA-III,0.31745188979517924,0.670331527246012,0.39037887365818524
NSGA-III,0.8237161766850158,0.44747551399467134,0.4747264358278812
NSGA-III,0.7155121141017494,0.36529307203587774,0.6121145162172054
NSGA-III,0.8260447664424377,0.30616277817368187,0.5707953459937901
NSGA-III,0.8810190326444245,0.3652057798605144,0.6769889529425547
NSGA-III,0.8030760735534105,0.3578435751010245,0.729304983115188
NSGA-III,0.14840210355957706,0.7145861785735398,0.43571232325832665
NSGA-III,0.3600757409263462,0.5670779710525852,0.43778044787275994
NSGA-III,0.3009885018922037,0.591442899407622,0.44307148581285316
NSGA-III,0.6118250754680937,0.5057593266198205,0.6141008434839982
NSGA-III,0.5535326649303959,0.5053325460641971,0.49235282696458127
NSGA-III,0.5791958228216018,0.5804384996428094,0.6670237964250266
NSGA-III,0.7009661957881188,0.4422231677528653,0.6431956699759945
NSGA-III,0.6010191243871377,0.6405868805358015,0.5178195965696011
