province_code,province_en,province_zh,year,aquatic_total_10000_t,marine_total_10000_t,marine_capture_10000_t,marine_aquaculture_10000_t,freshwater_total_10000_t,freshwater_capture_10000_t,freshwater_aquaculture_10000_t,population_10000_persons,disposable_income_yuan,wastewater_cod_tonnes,wastewater_total_phosphorus_tonnes,freight_total_10000_tonnes,enterprises_units,ecommerce_enterprises_units,ecommerce_sales_100m_yuan,source_tables,data_status,transcription_note
CN-BJ,Beijing,北京,2024,7.1,5.7,5.7,0.0,1.4,0.2,1.2,2183,85415,114599,1185,19956,49504,11528,46980.2,NBS 2025 Tables 2-5; 6-18; 8-10; 12-15; 16-13; 16-39,official public data; manually transcribed and double-checked,Values retain the units printed by NBS; component totals can differ by 0.1 because the source is rounded to one decimal place.
CN-TJ,Tianjin,天津,2024,29.9,4.5,3.3,1.2,25.4,0.3,25.1,1364,53581,189195,2054,58602,29626,2619,8126.2,NBS 2025 Tables 2-5; 6-18; 8-10; 12-15; 16-13; 16-39,official public data; manually transcribed and double-checked,Values retain the units printed by NBS; component totals can differ by 0.1 because the source is rounded to one decimal place.
CN-HE,Hebei,河北,2024,118.0,85.4,22.1,63.3,32.6,4.5,28.1,7378,34665,1536069,16123,270712,43022,3671,4056.8,NBS 2025 Tables 2-5; 6-18; 8-10; 12-15; 16-13; 16-39,official public data; manually transcribed and double-checked,Values retain the units printed by NBS; component totals can differ by 0.1 because the source is rounded to one decimal place.
CN-SX,Shanxi,山西,2024,5.8,0.0,0.0,0.0,5.8,0.0,5.8,3446,32441,793400,9288,224552,28985,2600,6152.9,NBS 2025 Tables 2-5; 6-18; 8-10; 12-15; 16-13; 16-39,official public data; manually transcribed and double-checked,Values retain the units printed by NBS; component totals can differ by 0.1 because the source is rounded to one decimal place.
CN-NM,Inner Mongolia,内蒙古,2024,11.6,0.0,0.0,0.0,11.6,1.1,10.4,2388,40077,906870,5604,251474,13949,1521,6194.2,NBS 2025 Tables 2-5; 6-18; 8-10; 12-15; 16-13; 16-39,official public data; manually transcribed and double-checked,Values retain the units printed by NBS; component totals can differ by 0.1 because the source is rounded to one decimal place.
CN-LN,Liaoning,辽宁,2024,535.9,452.0,69.7,382.3,83.9,3.3,80.6,4155,39844,1372012,15537,185682,33151,2759,6954.6,NBS 2025 Tables 2-5; 6-18; 8-10; 12-15; 16-13; 16-39,official public data; manually transcribed and double-checked,Values retain the units printed by NBS; component totals can differ by 0.1 because the source is rounded to one decimal place.
CN-JL,Jilin,吉林,2024,26.6,0.0,0.0,0.0,26.6,1.8,24.8,2317,31318,899449,7346,55578,13240,1018,1322.6,NBS 2025 Tables 2-5; 6-18; 8-10; 12-15; 16-13; 16-39,official public data; manually transcribed and double-checked,Values retain the units printed by NBS; component totals can differ by 0.1 because the source is rounded to one decimal place.
CN-HL,Heilongjiang,黑龙江,2024,81.4,0.0,0.0,0.0,81.4,5.1,76.3,3029,31269,1004969,9166,55452,15078,1263,1372.8,NBS 2025 Tables 2-5; 6-18; 8-10; 12-15; 16-13; 16-39,official public data; manually transcribed and double-checked,Values retain the units printed by NBS; component totals can differ by 0.1 because the source is rounded to one decimal place.
CN-SH,Shanghai,上海,2024,22.0,12.1,12.1,0.0,10.0,0.0,9.9,2480,88366,130709,1617,155511,57286,8479,46683.4,NBS 2025 Tables 2-5; 6-18; 8-10; 12-15; 16-13; 16-39,official public data; manually transcribed and double-checked,Values retain the units printed by NBS; component totals can differ by 0.1 because the source is rounded to one decimal place.
CN-JS,Jiangsu,江苏,2024,536.1,148.1,45.8,102.3,388.0,18.5,369.4,8526,55415,1206340,18831,319944,185646,21199,30208.7,NBS 2025 Tables 2-5; 6-18; 8-10; 12-15; 16-13; 16-39,official public data; manually transcribed and double-checked,Values retain the units printed by NBS; component totals can differ by 0.1 because the source is rounded to one decimal place.
CN-ZJ,Zhejiang,浙江,2024,649.5,488.5,316.3,172.2,161.0,17.1,144.0,6670,67013,514440,12599,371158,139433,19861,27311.2,NBS 2025 Tables 2-5; 6-18; 8-10; 12-15; 16-13; 16-39,official public data; manually transcribed and double-checked,Values retain the units printed by NBS; component totals can differ by 0.1 because the source is rounded to one decimal place.
CN-AH,Anhui,安徽,2024,261.2,0.0,0.0,0.0,261.2,9.8,251.4,6123,36782,1397464,22504,441542,58921,7057,11568.9,NBS 2025 Tables 2-5; 6-18; 8-10; 12-15; 16-13; 16-39,official public data; manually transcribed and double-checked,Values retain the units printed by NBS; component totals can differ by 0.1 because the source is rounded to one decimal place.
CN-FJ,Fujian,福建,2024,924.7,818.7,205.4,613.3,106.0,7.3,98.7,4193,47857,602380,15302,183536,73324,9134,13504.5,NBS 2025 Tables 2-5; 6-18; 8-10; 12-15; 16-13; 16-39,official public data; manually transcribed and double-checked,Values retain the units printed by NBS; component totals can differ by 0.1 because the source is rounded to one decimal place.
CN-JX,Jiangxi,江西,2024,303.3,0.0,0.0,0.0,303.3,1.0,302.2,4502,36007,1044465,17393,215859,54180,6792,4765.4,NBS 2025 Tables 2-5; 6-18; 8-10; 12-15; 16-13; 16-39,official public data; manually transcribed and double-checked,Values retain the units printed by NBS; component totals can differ by 0.1 because the source is rounded to one decimal place.
CN-SD,Shandong,山东,2024,952.7,825.2,219.0,606.3,127.5,10.8,116.7,10080,42077,1542184,16048,355666,128344,21871,34535.2,NBS 2025 Tables 2-5; 6-18; 8-10; 12-15; 16-13; 16-39,official public data; manually transcribed and double-checked,Values retain the units printed by NBS; component totals can differ by 0.1 because the source is rounded to one decimal place.
CN-HA,Henan,河南,2024,100.4,0.0,0.0,0.0,100.4,11.1,89.3,9785,31552,1699957,21009,293441,75879,6797,9664.9,NBS 2025 Tables 2-5; 6-18; 8-10; 12-15; 16-13; 16-39,official public data; manually transcribed and double-checked,Values retain the units printed by NBS; component totals can differ by 0.1 because the source is rounded to one decimal place.
CN-HB,Hubei,湖北,2024,546.4,0.0,0.0,0.0,546.4,2.4,544.1,5834,36947,1490235,24650,267173,70736,9377,10974.4,NBS 2025 Tables 2-5; 6-18; 8-10; 12-15; 16-13; 16-39,official public data; manually transcribed and double-checked,Values retain the units printed by NBS; component totals can differ by 0.1 because the source is rounded to one decimal place.
CN-HN,Hunan,湖南,2024,299.1,0.0,0.0,0.0,299.1,0.1,299.0,6539,37679,1732340,28663,237819,56846,7094,6560.1,NBS 2025 Tables 2-5; 6-18; 8-10; 12-15; 16-13; 16-39,official public data; manually transcribed and double-checked,Values retain the units printed by NBS; component totals can differ by 0.1 because the source is rounded to one decimal place.
CN-GD,Guangdong,广东,2024,966.4,508.4,131.5,376.8,458.0,7.2,450.8,12780,51474,1706500,33917,371959,215442,27520,53706.6,NBS 2025 Tables 2-5; 6-18; 8-10; 12-15; 16-13; 16-39,official public data; manually transcribed and double-checked,Values retain the units printed by NBS; component totals can differ by 0.1 because the source is rounded to one decimal place.
CN-GX,Guangxi,广西,2024,388.7,228.4,49.2,179.3,160.2,7.6,152.6,5013,31125,1005915,25624,237126,29995,3393,4789.4,NBS 2025 Tables 2-5; 6-18; 8-10; 12-15; 16-13; 16-39,official public data; manually transcribed and double-checked,Values retain the units printed by NBS; component totals can differ by 0.1 because the source is rounded to one decimal place.
CN-HI,Hainan,海南,2024,181.4,131.9,101.3,30.6,49.5,1.1,48.4,1048,34829,175979,4385,39138,7496,1115,2983.1,NBS 2025 Tables 2-5; 6-18; 8-10; 12-15; 16-13; 16-39,official public data; manually transcribed and double-checked,Values retain the units printed by NBS; component totals can differ by 0.1 because the source is rounded to one decimal place.
CN-CQ,Chongqing,重庆,2024,61.2,0.0,0.0,0.0,61.2,0.0,61.2,3190,39713,429462,6565,137534,28526,4849,12395.5,NBS 2025 Tables 2-5; 6-18; 8-10; 12-15; 16-13; 16-39,official public data; manually transcribed and double-checked,Values retain the units printed by NBS; component totals can differ by 0.1 because the source is rounded to one decimal place.
CN-SC,Sichuan,四川,2024,187.2,0.0,0.0,0.0,187.2,0.0,187.2,8364,34325,1473764,21037,206296,69448,9132,12342.5,NBS 2025 Tables 2-5; 6-18; 8-10; 12-15; 16-13; 16-39,official public data; manually transcribed and double-checked,Values retain the units printed by NBS; component totals can differ by 0.1 because the source is rounded to one decimal place.
CN-GZ,Guizhou,贵州,2024,29.5,0.0,0.0,0.0,29.5,0.4,29.1,3860,28561,1179543,15993,113446,19832,2371,5613.9,NBS 2025 Tables 2-5; 6-18; 8-10; 12-15; 16-13; 16-39,official public data; manually transcribed and double-checked,Values retain the units printed by NBS; component totals can differ by 0.1 because the source is rounded to one decimal place.
CN-YN,Yunnan,云南,2024,72.0,0.0,0.0,0.0,72.0,2.8,69.2,4655,29932,772366,12081,149114,26807,3302,2774.5,NBS 2025 Tables 2-5; 6-18; 8-10; 12-15; 16-13; 16-39,official public data; manually transcribed and double-checked,Values retain the units printed by NBS; component totals can differ by 0.1 because the source is rounded to one decimal place.
CN-XZ,Tibet,西藏,2024,0.1,0.0,0.0,0.0,0.1,0.0,0.0,370,31358,506406,4228,5167,2440,278,295.4,NBS 2025 Tables 2-5; 6-18; 8-10; 12-15; 16-13; 16-39,official public data; manually transcribed and double-checked,Values retain the units printed by NBS; component totals can differ by 0.1 because the source is rounded to one decimal place.
CN-SN,Shaanxi,陕西,2024,18.7,0.0,0.0,0.0,18.7,0.0,18.7,3953,33905,400614,4706,188371,34025,4165,6857.4,NBS 2025 Tables 2-5; 6-18; 8-10; 12-15; 16-13; 16-39,official public data; manually transcribed and double-checked,Values retain the units printed by NBS; component totals can differ by 0.1 because the source is rounded to one decimal place.
CN-GS,Gansu,甘肃,2024,1.7,0.0,0.0,0.0,1.7,0.0,1.7,2458,26612,920791,6804,84024,14002,1391,1576.3,NBS 2025 Tables 2-5; 6-18; 8-10; 12-15; 16-13; 16-39,official public data; manually transcribed and double-checked,Values retain the units printed by NBS; component totals can differ by 0.1 because the source is rounded to one decimal place.
CN-QH,Qinghai,青海,2024,1.9,0.0,0.0,0.0,1.9,0.4,1.5,593,30117,281929,1456,21137,3147,359,380.8,NBS 2025 Tables 2-5; 6-18; 8-10; 12-15; 16-13; 16-39,official public data; manually transcribed and double-checked,Values retain the units printed by NBS; component totals can differ by 0.1 because the source is rounded to one decimal place.
CN-NX,Ningxia,宁夏,2024,17.9,0.0,0.0,0.0,17.9,0.7,17.2,729,33355,263736,2469,57966,4903,541,1015.2,NBS 2025 Tables 2-5; 6-18; 8-10; 12-15; 16-13; 16-39,official public data; manually transcribed and double-checked,Values retain the units printed by NBS; component totals can differ by 0.1 because the source is rounded to one decimal place.
CN-XJ,Xinjiang,新疆,2024,19.3,0.0,0.0,0.0,19.3,1.4,17.9,2623,30899,704744,6294,111618,22133,1970,4876.2,NBS 2025 Tables 2-5; 6-18; 8-10; 12-15; 16-13; 16-39,official public data; manually transcribed and double-checked,Values retain the units printed by NBS; component totals can differ by 0.1 because the source is rounded to one decimal place.
