year,section,indicator,indicator_zh,category,reported_value,reported_unit,normalization_multiplier,value,unit,yoy_pct,share_pct,source_organization,source_url,source_sha256,retrieved_on,data_label,extraction_method
2024,aquaculture_area,aquaculture_area,水产养殖面积,freshwater,5327.82,千公顷,1000.0,5327820.0,hectares,-1.51,,Ministry of Agriculture and Rural Affairs of the PRC,https://yyj.moa.gov.cn/gzdt/202507/t20250707_6475475.htm,a4ad7bbeb571678b5ddc776c9e08013b1e7f921a286da1908273de51b723022b,2026-07-23,经过处理的数据（公开来源）,deterministic regex over official HTML text
2024,aquaculture_area,aquaculture_area,水产养殖面积,marine,2240.06,千公顷,1000.0,2240060.0,hectares,1.14,,Ministry of Agriculture and Rural Affairs of the PRC,https://yyj.moa.gov.cn/gzdt/202507/t20250707_6475475.htm,a4ad7bbeb571678b5ddc776c9e08013b1e7f921a286da1908273de51b723022b,2026-07-23,经过处理的数据（公开来源）,deterministic regex over official HTML text
2024,aquaculture_area,aquaculture_area,水产养殖面积,total,7567.88,千公顷,1000.0,7567880.0,hectares,-0.74,,Ministry of Agriculture and Rural Affairs of the PRC,https://yyj.moa.gov.cn/gzdt/202507/t20250707_6475475.htm,a4ad7bbeb571678b5ddc776c9e08013b1e7f921a286da1908273de51b723022b,2026-07-23,经过处理的数据（公开来源）,deterministic regex over official HTML text
2024,aquaculture_area_by_type,freshwater_aquaculture_area_lakes,淡水湖泊养殖面积,freshwater,807.77,千公顷,1000.0,807770.0,hectares,-2.6,15.16,Ministry of Agriculture and Rural Affairs of the PRC,https://yyj.moa.gov.cn/gzdt/202507/t20250707_6475475.htm,a4ad7bbeb571678b5ddc776c9e08013b1e7f921a286da1908273de51b723022b,2026-07-23,经过处理的数据（公开来源）,deterministic table-row regex over official HTML text
2024,aquaculture_area_by_type,freshwater_aquaculture_area_other,淡水其他养殖面积,freshwater,140.38,千公顷,1000.0,140380.0,hectares,-7.17,2.63,Ministry of Agriculture and Rural Affairs of the PRC,https://yyj.moa.gov.cn/gzdt/202507/t20250707_6475475.htm,a4ad7bbeb571678b5ddc776c9e08013b1e7f921a286da1908273de51b723022b,2026-07-23,经过处理的数据（公开来源）,deterministic table-row regex over official HTML text
2024,aquaculture_area_by_type,freshwater_aquaculture_area_ponds,淡水池塘养殖面积,freshwater,2624.59,千公顷,1000.0,2624590.0,hectares,-0.15,49.26,Ministry of Agriculture and Rural Affairs of the PRC,https://yyj.moa.gov.cn/gzdt/202507/t20250707_6475475.htm,a4ad7bbeb571678b5ddc776c9e08013b1e7f921a286da1908273de51b723022b,2026-07-23,经过处理的数据（公开来源）,deterministic table-row regex over official HTML text
2024,aquaculture_area_by_type,freshwater_aquaculture_area_reservoirs,淡水水库养殖面积,freshwater,1605.62,千公顷,1000.0,1605620.0,hectares,-2.92,30.14,Ministry of Agriculture and Rural Affairs of the PRC,https://yyj.moa.gov.cn/gzdt/202507/t20250707_6475475.htm,a4ad7bbeb571678b5ddc776c9e08013b1e7f921a286da1908273de51b723022b,2026-07-23,经过处理的数据（公开来源）,deterministic table-row regex over official HTML text
2024,aquaculture_area_by_type,freshwater_aquaculture_area_rivers_ditches,淡水河沟养殖面积,freshwater,149.47,千公顷,1000.0,149470.0,hectares,1.97,2.81,Ministry of Agriculture and Rural Affairs of the PRC,https://yyj.moa.gov.cn/gzdt/202507/t20250707_6475475.htm,a4ad7bbeb571678b5ddc776c9e08013b1e7f921a286da1908273de51b723022b,2026-07-23,经过处理的数据（公开来源）,deterministic table-row regex over official HTML text
2024,aquaculture_area_by_type,marine_aquaculture_area_algae,海水藻类养殖面积,marine,150.46,千公顷,1000.0,150460.0,hectares,0.6,6.72,Ministry of Agriculture and Rural Affairs of the PRC,https://yyj.moa.gov.cn/gzdt/202507/t20250707_6475475.htm,a4ad7bbeb571678b5ddc776c9e08013b1e7f921a286da1908273de51b723022b,2026-07-23,经过处理的数据（公开来源）,deterministic table-row regex over official HTML text
2024,aquaculture_area_by_type,marine_aquaculture_area_crustaceans,海水甲壳类养殖面积,marine,294.9,千公顷,1000.0,294900.0,hectares,-0.7,13.17,Ministry of Agriculture and Rural Affairs of the PRC,https://yyj.moa.gov.cn/gzdt/202507/t20250707_6475475.htm,a4ad7bbeb571678b5ddc776c9e08013b1e7f921a286da1908273de51b723022b,2026-07-23,经过处理的数据（公开来源）,deterministic table-row regex over official HTML text
2024,aquaculture_area_by_type,marine_aquaculture_area_fish,海水鱼类养殖面积,marine,79.66,千公顷,1000.0,79660.0,hectares,4.45,3.56,Ministry of Agriculture and Rural Affairs of the PRC,https://yyj.moa.gov.cn/gzdt/202507/t20250707_6475475.htm,a4ad7bbeb571678b5ddc776c9e08013b1e7f921a286da1908273de51b723022b,2026-07-23,经过处理的数据（公开来源）,deterministic table-row regex over official HTML text
2024,aquaculture_area_by_type,marine_aquaculture_area_other,海水其他类养殖面积,marine,316.71,千公顷,1000.0,316710.0,hectares,-5.32,14.14,Ministry of Agriculture and Rural Affairs of the PRC,https://yyj.moa.gov.cn/gzdt/202507/t20250707_6475475.htm,a4ad7bbeb571678b5ddc776c9e08013b1e7f921a286da1908273de51b723022b,2026-07-23,经过处理的数据（公开来源）,deterministic table-row regex over official HTML text
2024,aquaculture_area_by_type,marine_aquaculture_area_shellfish,海水贝类养殖面积,marine,1398.33,千公顷,1000.0,1398330.0,hectares,3.01,62.42,Ministry of Agriculture and Rural Affairs of the PRC,https://yyj.moa.gov.cn/gzdt/202507/t20250707_6475475.htm,a4ad7bbeb571678b5ddc776c9e08013b1e7f921a286da1908273de51b723022b,2026-07-23,经过处理的数据（公开来源）,deterministic table-row regex over official HTML text
2024,aquaculture_production_by_species,aquaculture_algae,养殖藻类,freshwater,1.26,万吨,10000.0,12600.0,tonnes,13.74,,Ministry of Agriculture and Rural Affairs of the PRC,https://yyj.moa.gov.cn/gzdt/202507/t20250707_6475475.htm,a4ad7bbeb571678b5ddc776c9e08013b1e7f921a286da1908273de51b723022b,2026-07-23,经过处理的数据（公开来源）,deterministic table-row regex over official HTML text
2024,aquaculture_production_by_species,aquaculture_algae,养殖藻类,marine,302.94,万吨,10000.0,3029400.0,tonnes,5.48,,Ministry of Agriculture and Rural Affairs of the PRC,https://yyj.moa.gov.cn/gzdt/202507/t20250707_6475475.htm,a4ad7bbeb571678b5ddc776c9e08013b1e7f921a286da1908273de51b723022b,2026-07-23,经过处理的数据（公开来源）,deterministic table-row regex over official HTML text
2024,aquaculture_production_by_species,aquaculture_algae,养殖藻类,total,304.21,万吨,10000.0,3042100.0,tonnes,,,Ministry of Agriculture and Rural Affairs of the PRC,https://yyj.moa.gov.cn/gzdt/202507/t20250707_6475475.htm,a4ad7bbeb571678b5ddc776c9e08013b1e7f921a286da1908273de51b723022b,2026-07-23,经过处理的数据（公开来源）,deterministic table-row regex over official HTML text
2024,aquaculture_production_by_species,aquaculture_crustaceans,养殖甲壳类,freshwater,570.33,万吨,10000.0,5703300.0,tonnes,7.04,,Ministry of Agriculture and Rural Affairs of the PRC,https://yyj.moa.gov.cn/gzdt/202507/t20250707_6475475.htm,a4ad7bbeb571678b5ddc776c9e08013b1e7f921a286da1908273de51b723022b,2026-07-23,经过处理的数据（公开来源）,deterministic table-row regex over official HTML text
2024,aquaculture_production_by_species,aquaculture_crustaceans,养殖甲壳类,marine,214.46,万吨,10000.0,2144600.0,tonnes,4.35,,Ministry of Agriculture and Rural Affairs of the PRC,https://yyj.moa.gov.cn/gzdt/202507/t20250707_6475475.htm,a4ad7bbeb571678b5ddc776c9e08013b1e7f921a286da1908273de51b723022b,2026-07-23,经过处理的数据（公开来源）,deterministic table-row regex over official HTML text
2024,aquaculture_production_by_species,aquaculture_crustaceans,养殖甲壳类,total,784.79,万吨,10000.0,7847900.0,tonnes,,,Ministry of Agriculture and Rural Affairs of the PRC,https://yyj.moa.gov.cn/gzdt/202507/t20250707_6475475.htm,a4ad7bbeb571678b5ddc776c9e08013b1e7f921a286da1908273de51b723022b,2026-07-23,经过处理的数据（公开来源）,deterministic table-row regex over official HTML text
2024,aquaculture_production_by_species,aquaculture_fish,养殖鱼类,freshwater,2842.52,万吨,10000.0,28425200.0,tonnes,2.56,,Ministry of Agriculture and Rural Affairs of the PRC,https://yyj.moa.gov.cn/gzdt/202507/t20250707_6475475.htm,a4ad7bbeb571678b5ddc776c9e08013b1e7f921a286da1908273de51b723022b,2026-07-23,经过处理的数据（公开来源）,deterministic table-row regex over official HTML text
2024,aquaculture_production_by_species,aquaculture_fish,养殖鱼类,marine,216.21,万吨,10000.0,2162100.0,tonnes,5.11,,Ministry of Agriculture and Rural Affairs of the PRC,https://yyj.moa.gov.cn/gzdt/202507/t20250707_6475475.htm,a4ad7bbeb571678b5ddc776c9e08013b1e7f921a286da1908273de51b723022b,2026-07-23,经过处理的数据（公开来源）,deterministic table-row regex over official HTML text
2024,aquaculture_production_by_species,aquaculture_fish,养殖鱼类,total,3058.74,万吨,10000.0,30587399.999999996,tonnes,,,Ministry of Agriculture and Rural Affairs of the PRC,https://yyj.moa.gov.cn/gzdt/202507/t20250707_6475475.htm,a4ad7bbeb571678b5ddc776c9e08013b1e7f921a286da1908273de51b723022b,2026-07-23,经过处理的数据（公开来源）,deterministic table-row regex over official HTML text
2024,aquaculture_production_by_species,aquaculture_other,养殖其他类,freshwater,97.5,万吨,10000.0,975000.0,tonnes,10.01,,Ministry of Agriculture and Rural Affairs of the PRC,https://yyj.moa.gov.cn/gzdt/202507/t20250707_6475475.htm,a4ad7bbeb571678b5ddc776c9e08013b1e7f921a286da1908273de51b723022b,2026-07-23,经过处理的数据（公开来源）,deterministic table-row regex over official HTML text
2024,aquaculture_production_by_species,aquaculture_other,养殖其他类,marine,54.54,万吨,10000.0,545400.0,tonnes,6.68,,Ministry of Agriculture and Rural Affairs of the PRC,https://yyj.moa.gov.cn/gzdt/202507/t20250707_6475475.htm,a4ad7bbeb571678b5ddc776c9e08013b1e7f921a286da1908273de51b723022b,2026-07-23,经过处理的数据（公开来源）,deterministic table-row regex over official HTML text
2024,aquaculture_production_by_species,aquaculture_other,养殖其他类,total,152.04,万吨,10000.0,1520400.0,tonnes,,,Ministry of Agriculture and Rural Affairs of the PRC,https://yyj.moa.gov.cn/gzdt/202507/t20250707_6475475.htm,a4ad7bbeb571678b5ddc776c9e08013b1e7f921a286da1908273de51b723022b,2026-07-23,经过处理的数据（公开来源）,deterministic table-row regex over official HTML text
2024,aquaculture_production_by_species,aquaculture_shellfish,养殖贝类,freshwater,20.78,万吨,10000.0,207800.0,tonnes,4.7,,Ministry of Agriculture and Rural Affairs of the PRC,https://yyj.moa.gov.cn/gzdt/202507/t20250707_6475475.htm,a4ad7bbeb571678b5ddc776c9e08013b1e7f921a286da1908273de51b723022b,2026-07-23,经过处理的数据（公开来源）,deterministic table-row regex over official HTML text
2024,aquaculture_production_by_species,aquaculture_shellfish,养殖贝类,marine,1739.49,万吨,10000.0,17394900.0,tonnes,5.68,,Ministry of Agriculture and Rural Affairs of the PRC,https://yyj.moa.gov.cn/gzdt/202507/t20250707_6475475.htm,a4ad7bbeb571678b5ddc776c9e08013b1e7f921a286da1908273de51b723022b,2026-07-23,经过处理的数据（公开来源）,deterministic table-row regex over official HTML text
2024,aquaculture_production_by_species,aquaculture_shellfish,养殖贝类,total,1760.26,万吨,10000.0,17602600.0,tonnes,,,Ministry of Agriculture and Rural Affairs of the PRC,https://yyj.moa.gov.cn/gzdt/202507/t20250707_6475475.htm,a4ad7bbeb571678b5ddc776c9e08013b1e7f921a286da1908273de51b723022b,2026-07-23,经过处理的数据（公开来源）,deterministic table-row regex over official HTML text
2024,disaster,affected_aquaculture_area,受灾养殖面积,total,267.48,千公顷,1000.0,267480.0,hectares,,,Ministry of Agriculture and Rural Affairs of the PRC,https://yyj.moa.gov.cn/gzdt/202507/t20250707_6475475.htm,a4ad7bbeb571678b5ddc776c9e08013b1e7f921a286da1908273de51b723022b,2026-07-23,经过处理的数据（公开来源）,deterministic regex over official HTML text
2024,disaster,direct_economic_loss,直接经济损失,total,150.24,亿元,1.0,150.24,100 million RMB,,,Ministry of Agriculture and Rural Affairs of the PRC,https://yyj.moa.gov.cn/gzdt/202507/t20250707_6475475.htm,a4ad7bbeb571678b5ddc776c9e08013b1e7f921a286da1908273de51b723022b,2026-07-23,经过处理的数据（公开来源）,deterministic regex over official HTML text
2024,disaster,production_loss,渔业灾情水产品产量损失,total,48.15,万吨,10000.0,481500.0,tonnes,,,Ministry of Agriculture and Rural Affairs of the PRC,https://yyj.moa.gov.cn/gzdt/202507/t20250707_6475475.htm,a4ad7bbeb571678b5ddc776c9e08013b1e7f921a286da1908273de51b723022b,2026-07-23,经过处理的数据（公开来源）,deterministic regex over official HTML text
2024,domestic_capture,domestic_capture_production,国内捕捞产量,freshwater,116.32,万吨,10000.0,1163200.0,tonnes,-0.44,,Ministry of Agriculture and Rural Affairs of the PRC,https://yyj.moa.gov.cn/gzdt/202507/t20250707_6475475.htm,a4ad7bbeb571678b5ddc776c9e08013b1e7f921a286da1908273de51b723022b,2026-07-23,经过处理的数据（公开来源）,deterministic table-row regex over official HTML text
2024,domestic_capture,domestic_capture_production,国内捕捞产量,marine,962.32,万吨,10000.0,9623200.0,tonnes,0.5,,Ministry of Agriculture and Rural Affairs of the PRC,https://yyj.moa.gov.cn/gzdt/202507/t20250707_6475475.htm,a4ad7bbeb571678b5ddc776c9e08013b1e7f921a286da1908273de51b723022b,2026-07-23,经过处理的数据（公开来源）,deterministic table-row regex over official HTML text
2024,domestic_capture,domestic_capture_production,国内捕捞产量,total,1078.65,万吨,10000.0,10786500.0,tonnes,,,Ministry of Agriculture and Rural Affairs of the PRC,https://yyj.moa.gov.cn/gzdt/202507/t20250707_6475475.htm,a4ad7bbeb571678b5ddc776c9e08013b1e7f921a286da1908273de51b723022b,2026-07-23,经过处理的数据（公开来源）,deterministic table-row regex over official HTML text
2024,domestic_capture_by_species,domestic_capture_algae,国内捕捞藻类,marine,3.19,万吨,10000.0,31900.0,tonnes,45.01,,Ministry of Agriculture and Rural Affairs of the PRC,https://yyj.moa.gov.cn/gzdt/202507/t20250707_6475475.htm,a4ad7bbeb571678b5ddc776c9e08013b1e7f921a286da1908273de51b723022b,2026-07-23,经过处理的数据（公开来源）,deterministic table-row regex over official HTML text
2024,domestic_capture_by_species,domestic_capture_algae,国内捕捞藻类,total,3.19,万吨,10000.0,31900.0,tonnes,,,Ministry of Agriculture and Rural Affairs of the PRC,https://yyj.moa.gov.cn/gzdt/202507/t20250707_6475475.htm,a4ad7bbeb571678b5ddc776c9e08013b1e7f921a286da1908273de51b723022b,2026-07-23,经过处理的数据（公开来源）,deterministic table-row regex over official HTML text
2024,domestic_capture_by_species,domestic_capture_cephalopods,国内捕捞头足类,marine,59.79,万吨,10000.0,597900.0,tonnes,0.73,,Ministry of Agriculture and Rural Affairs of the PRC,https://yyj.moa.gov.cn/gzdt/202507/t20250707_6475475.htm,a4ad7bbeb571678b5ddc776c9e08013b1e7f921a286da1908273de51b723022b,2026-07-23,经过处理的数据（公开来源）,deterministic table-row regex over official HTML text
2024,domestic_capture_by_species,domestic_capture_cephalopods,国内捕捞头足类,total,59.79,万吨,10000.0,597900.0,tonnes,,,Ministry of Agriculture and Rural Affairs of the PRC,https://yyj.moa.gov.cn/gzdt/202507/t20250707_6475475.htm,a4ad7bbeb571678b5ddc776c9e08013b1e7f921a286da1908273de51b723022b,2026-07-23,经过处理的数据（公开来源）,deterministic table-row regex over official HTML text
2024,domestic_capture_by_species,domestic_capture_crustaceans,国内捕捞甲壳类,freshwater,12.08,万吨,10000.0,120800.0,tonnes,0.01,,Ministry of Agriculture and Rural Affairs of the PRC,https://yyj.moa.gov.cn/gzdt/202507/t20250707_6475475.htm,a4ad7bbeb571678b5ddc776c9e08013b1e7f921a286da1908273de51b723022b,2026-07-23,经过处理的数据（公开来源）,deterministic table-row regex over official HTML text
2024,domestic_capture_by_species,domestic_capture_crustaceans,国内捕捞甲壳类,marine,188.16,万吨,10000.0,1881600.0,tonnes,-1.21,,Ministry of Agriculture and Rural Affairs of the PRC,https://yyj.moa.gov.cn/gzdt/202507/t20250707_6475475.htm,a4ad7bbeb571678b5ddc776c9e08013b1e7f921a286da1908273de51b723022b,2026-07-23,经过处理的数据（公开来源）,deterministic table-row regex over official HTML text
2024,domestic_capture_by_species,domestic_capture_crustaceans,国内捕捞甲壳类,total,200.24,万吨,10000.0,2002400.0,tonnes,,,Ministry of Agriculture and Rural Affairs of the PRC,https://yyj.moa.gov.cn/gzdt/202507/t20250707_6475475.htm,a4ad7bbeb571678b5ddc776c9e08013b1e7f921a286da1908273de51b723022b,2026-07-23,经过处理的数据（公开来源）,deterministic table-row regex over official HTML text
2024,domestic_capture_by_species,domestic_capture_fish,国内捕捞鱼类,freshwater,90.31,万吨,10000.0,903100.0,tonnes,-0.59,,Ministry of Agriculture and Rural Affairs of the PRC,https://yyj.moa.gov.cn/gzdt/202507/t20250707_6475475.htm,a4ad7bbeb571678b5ddc776c9e08013b1e7f921a286da1908273de51b723022b,2026-07-23,经过处理的数据（公开来源）,deterministic table-row regex over official HTML text
2024,domestic_capture_by_species,domestic_capture_fish,国内捕捞鱼类,marine,648.72,万吨,10000.0,6487200.0,tonnes,0.42,,Ministry of Agriculture and Rural Affairs of the PRC,https://yyj.moa.gov.cn/gzdt/202507/t20250707_6475475.htm,a4ad7bbeb571678b5ddc776c9e08013b1e7f921a286da1908273de51b723022b,2026-07-23,经过处理的数据（公开来源）,deterministic table-row regex over official HTML text
2024,domestic_capture_by_species,domestic_capture_fish,国内捕捞鱼类,total,739.03,万吨,10000.0,7390300.0,tonnes,,,Ministry of Agriculture and Rural Affairs of the PRC,https://yyj.moa.gov.cn/gzdt/202507/t20250707_6475475.htm,a4ad7bbeb571678b5ddc776c9e08013b1e7f921a286da1908273de51b723022b,2026-07-23,经过处理的数据（公开来源）,deterministic table-row regex over official HTML text
2024,domestic_capture_by_species,domestic_capture_other,国内捕捞其他类,freshwater,1.11,万吨,10000.0,11100.000000000002,tonnes,-9.63,,Ministry of Agriculture and Rural Affairs of the PRC,https://yyj.moa.gov.cn/gzdt/202507/t20250707_6475475.htm,a4ad7bbeb571678b5ddc776c9e08013b1e7f921a286da1908273de51b723022b,2026-07-23,经过处理的数据（公开来源）,deterministic table-row regex over official HTML text
2024,domestic_capture_by_species,domestic_capture_other,国内捕捞其他类,marine,26.77,万吨,10000.0,267700.0,tonnes,10.79,,Ministry of Agriculture and Rural Affairs of the PRC,https://yyj.moa.gov.cn/gzdt/202507/t20250707_6475475.htm,a4ad7bbeb571678b5ddc776c9e08013b1e7f921a286da1908273de51b723022b,2026-07-23,经过处理的数据（公开来源）,deterministic table-row regex over official HTML text
2024,domestic_capture_by_species,domestic_capture_other,国内捕捞其他类,total,27.87,万吨,10000.0,278700.0,tonnes,,,Ministry of Agriculture and Rural Affairs of the PRC,https://yyj.moa.gov.cn/gzdt/202507/t20250707_6475475.htm,a4ad7bbeb571678b5ddc776c9e08013b1e7f921a286da1908273de51b723022b,2026-07-23,经过处理的数据（公开来源）,deterministic table-row regex over official HTML text
2024,domestic_capture_by_species,domestic_capture_shellfish,国内捕捞贝类,freshwater,12.82,万吨,10000.0,128200.0,tonnes,1.1,,Ministry of Agriculture and Rural Affairs of the PRC,https://yyj.moa.gov.cn/gzdt/202507/t20250707_6475475.htm,a4ad7bbeb571678b5ddc776c9e08013b1e7f921a286da1908273de51b723022b,2026-07-23,经过处理的数据（公开来源）,deterministic table-row regex over official HTML text
2024,domestic_capture_by_species,domestic_capture_shellfish,国内捕捞贝类,marine,35.7,万吨,10000.0,357000.0,tonnes,1.09,,Ministry of Agriculture and Rural Affairs of the PRC,https://yyj.moa.gov.cn/gzdt/202507/t20250707_6475475.htm,a4ad7bbeb571678b5ddc776c9e08013b1e7f921a286da1908273de51b723022b,2026-07-23,经过处理的数据（公开来源）,deterministic table-row regex over official HTML text
2024,domestic_capture_by_species,domestic_capture_shellfish,国内捕捞贝类,total,48.53,万吨,10000.0,485300.0,tonnes,,,Ministry of Agriculture and Rural Affairs of the PRC,https://yyj.moa.gov.cn/gzdt/202507/t20250707_6475475.htm,a4ad7bbeb571678b5ddc776c9e08013b1e7f921a286da1908273de51b723022b,2026-07-23,经过处理的数据（公开来源）,deterministic table-row regex over official HTML text
2024,economy,aquatic_seed_output,水产苗种产值,total,917.83,亿元,1.0,917.83,100 million RMB,,,Ministry of Agriculture and Rural Affairs of the PRC,https://yyj.moa.gov.cn/gzdt/202507/t20250707_6475475.htm,a4ad7bbeb571678b5ddc776c9e08013b1e7f921a286da1908273de51b723022b,2026-07-23,经过处理的数据（公开来源）,deterministic regex over official HTML text
2024,economy,fishery_circulation_services_output,渔业流通和服务业产值,total,10026.65,亿元,1.0,10026.65,100 million RMB,,,Ministry of Agriculture and Rural Affairs of the PRC,https://yyj.moa.gov.cn/gzdt/202507/t20250707_6475475.htm,a4ad7bbeb571678b5ddc776c9e08013b1e7f921a286da1908273de51b723022b,2026-07-23,经过处理的数据（公开来源）,deterministic regex over official HTML text
2024,economy,fishery_industry_construction_output,渔业工业和建筑业产值,total,7390.84,亿元,1.0,7390.84,100 million RMB,,,Ministry of Agriculture and Rural Affairs of the PRC,https://yyj.moa.gov.cn/gzdt/202507/t20250707_6475475.htm,a4ad7bbeb571678b5ddc776c9e08013b1e7f921a286da1908273de51b723022b,2026-07-23,经过处理的数据（公开来源）,deterministic regex over official HTML text
2024,economy,fishery_output,渔业产值,total,16754.8,亿元,1.0,16754.8,100 million RMB,,,Ministry of Agriculture and Rural Affairs of the PRC,https://yyj.moa.gov.cn/gzdt/202507/t20250707_6475475.htm,a4ad7bbeb571678b5ddc776c9e08013b1e7f921a286da1908273de51b723022b,2026-07-23,经过处理的数据（公开来源）,deterministic regex over official HTML text
2024,economy,freshwater_aquaculture_output,淡水养殖产值,freshwater,8786.65,亿元,1.0,8786.65,100 million RMB,,,Ministry of Agriculture and Rural Affairs of the PRC,https://yyj.moa.gov.cn/gzdt/202507/t20250707_6475475.htm,a4ad7bbeb571678b5ddc776c9e08013b1e7f921a286da1908273de51b723022b,2026-07-23,经过处理的数据（公开来源）,deterministic regex over official HTML text
2024,economy,freshwater_capture_output,淡水捕捞产值,freshwater,332.29,亿元,1.0,332.29,100 million RMB,,,Ministry of Agriculture and Rural Affairs of the PRC,https://yyj.moa.gov.cn/gzdt/202507/t20250707_6475475.htm,a4ad7bbeb571678b5ddc776c9e08013b1e7f921a286da1908273de51b723022b,2026-07-23,经过处理的数据（公开来源）,deterministic regex over official HTML text
2024,economy,marine_aquaculture_output,海水养殖产值,marine,5034.38,亿元,1.0,5034.38,100 million RMB,,,Ministry of Agriculture and Rural Affairs of the PRC,https://yyj.moa.gov.cn/gzdt/202507/t20250707_6475475.htm,a4ad7bbeb571678b5ddc776c9e08013b1e7f921a286da1908273de51b723022b,2026-07-23,经过处理的数据（公开来源）,deterministic regex over official HTML text
2024,economy,marine_capture_output,海洋捕捞产值,marine,2601.48,亿元,1.0,2601.48,100 million RMB,,,Ministry of Agriculture and Rural Affairs of the PRC,https://yyj.moa.gov.cn/gzdt/202507/t20250707_6475475.htm,a4ad7bbeb571678b5ddc776c9e08013b1e7f921a286da1908273de51b723022b,2026-07-23,经过处理的数据（公开来源）,deterministic regex over official HTML text
2024,economy,recreational_fishing_output,休闲渔业产值,total,988.6,亿元,1.0,988.6,100 million RMB,7.05,,Ministry of Agriculture and Rural Affairs of the PRC,https://yyj.moa.gov.cn/gzdt/202507/t20250707_6475475.htm,a4ad7bbeb571678b5ddc776c9e08013b1e7f921a286da1908273de51b723022b,2026-07-23,经过处理的数据（公开来源）,deterministic regex over official HTML text
2024,economy,total_fishery_economic_output,全社会渔业经济总产值,total,34172.29,亿元,1.0,34172.29,100 million RMB,,,Ministry of Agriculture and Rural Affairs of the PRC,https://yyj.moa.gov.cn/gzdt/202507/t20250707_6475475.htm,a4ad7bbeb571678b5ddc776c9e08013b1e7f921a286da1908273de51b723022b,2026-07-23,经过处理的数据（公开来源）,deterministic regex over official HTML text
2024,fleet,vessel_count,渔船数量,auxiliary,1.73,万艘,10000.0,17300.0,count,,,Ministry of Agriculture and Rural Affairs of the PRC,https://yyj.moa.gov.cn/gzdt/202507/t20250707_6475475.htm,a4ad7bbeb571678b5ddc776c9e08013b1e7f921a286da1908273de51b723022b,2026-07-23,经过处理的数据（公开来源）,deterministic regex over official HTML text
2024,fleet,vessel_count,渔船数量,motorized,33.54,万艘,10000.0,335400.0,count,,,Ministry of Agriculture and Rural Affairs of the PRC,https://yyj.moa.gov.cn/gzdt/202507/t20250707_6475475.htm,a4ad7bbeb571678b5ddc776c9e08013b1e7f921a286da1908273de51b723022b,2026-07-23,经过处理的数据（公开来源）,deterministic regex over official HTML text
2024,fleet,vessel_count,渔船数量,non_motorized,15.03,万艘,10000.0,150300.0,count,,,Ministry of Agriculture and Rural Affairs of the PRC,https://yyj.moa.gov.cn/gzdt/202507/t20250707_6475475.htm,a4ad7bbeb571678b5ddc776c9e08013b1e7f921a286da1908273de51b723022b,2026-07-23,经过处理的数据（公开来源）,deterministic regex over official HTML text
2024,fleet,vessel_count,渔船数量,production,31.81,万艘,10000.0,318100.0,count,,,Ministry of Agriculture and Rural Affairs of the PRC,https://yyj.moa.gov.cn/gzdt/202507/t20250707_6475475.htm,a4ad7bbeb571678b5ddc776c9e08013b1e7f921a286da1908273de51b723022b,2026-07-23,经过处理的数据（公开来源）,deterministic regex over official HTML text
2024,fleet,vessel_count,渔船数量,total,48.57,万艘,10000.0,485700.0,count,,,Ministry of Agriculture and Rural Affairs of the PRC,https://yyj.moa.gov.cn/gzdt/202507/t20250707_6475475.htm,a4ad7bbeb571678b5ddc776c9e08013b1e7f921a286da1908273de51b723022b,2026-07-23,经过处理的数据（公开来源）,deterministic regex over official HTML text
2024,fleet,vessel_power,渔船总功率,auxiliary,278.57,万千瓦,10000.0,2785700.0,kW,,,Ministry of Agriculture and Rural Affairs of the PRC,https://yyj.moa.gov.cn/gzdt/202507/t20250707_6475475.htm,a4ad7bbeb571678b5ddc776c9e08013b1e7f921a286da1908273de51b723022b,2026-07-23,经过处理的数据（公开来源）,deterministic regex over official HTML text
2024,fleet,vessel_power,渔船总功率,motorized,2004.45,万千瓦,10000.0,20044500.0,kW,,,Ministry of Agriculture and Rural Affairs of the PRC,https://yyj.moa.gov.cn/gzdt/202507/t20250707_6475475.htm,a4ad7bbeb571678b5ddc776c9e08013b1e7f921a286da1908273de51b723022b,2026-07-23,经过处理的数据（公开来源）,deterministic regex over official HTML text
2024,fleet,vessel_power,渔船总功率,production,1725.88,万千瓦,10000.0,17258800.0,kW,,,Ministry of Agriculture and Rural Affairs of the PRC,https://yyj.moa.gov.cn/gzdt/202507/t20250707_6475475.htm,a4ad7bbeb571678b5ddc776c9e08013b1e7f921a286da1908273de51b723022b,2026-07-23,经过处理的数据（公开来源）,deterministic regex over official HTML text
2024,fleet,vessel_tonnage,渔船总吨位,auxiliary,138.72,万吨,10000.0,1387200.0,tonnes,,,Ministry of Agriculture and Rural Affairs of the PRC,https://yyj.moa.gov.cn/gzdt/202507/t20250707_6475475.htm,a4ad7bbeb571678b5ddc776c9e08013b1e7f921a286da1908273de51b723022b,2026-07-23,经过处理的数据（公开来源）,deterministic regex over official HTML text
2024,fleet,vessel_tonnage,渔船总吨位,motorized,1102.7,万吨,10000.0,11027000.0,tonnes,,,Ministry of Agriculture and Rural Affairs of the PRC,https://yyj.moa.gov.cn/gzdt/202507/t20250707_6475475.htm,a4ad7bbeb571678b5ddc776c9e08013b1e7f921a286da1908273de51b723022b,2026-07-23,经过处理的数据（公开来源）,deterministic regex over official HTML text
2024,fleet,vessel_tonnage,渔船总吨位,non_motorized,22.69,万吨,10000.0,226900.0,tonnes,,,Ministry of Agriculture and Rural Affairs of the PRC,https://yyj.moa.gov.cn/gzdt/202507/t20250707_6475475.htm,a4ad7bbeb571678b5ddc776c9e08013b1e7f921a286da1908273de51b723022b,2026-07-23,经过处理的数据（公开来源）,deterministic regex over official HTML text
2024,fleet,vessel_tonnage,渔船总吨位,production,963.99,万吨,10000.0,9639900.0,tonnes,,,Ministry of Agriculture and Rural Affairs of the PRC,https://yyj.moa.gov.cn/gzdt/202507/t20250707_6475475.htm,a4ad7bbeb571678b5ddc776c9e08013b1e7f921a286da1908273de51b723022b,2026-07-23,经过处理的数据（公开来源）,deterministic regex over official HTML text
2024,fleet,vessel_tonnage,渔船总吨位,total,1125.39,万吨,10000.0,11253900.000000002,tonnes,,,Ministry of Agriculture and Rural Affairs of the PRC,https://yyj.moa.gov.cn/gzdt/202507/t20250707_6475475.htm,a4ad7bbeb571678b5ddc776c9e08013b1e7f921a286da1908273de51b723022b,2026-07-23,经过处理的数据（公开来源）,deterministic regex over official HTML text
2024,income,fisher_per_capita_net_income,渔民人均纯收入,total,27131.0,元,1.0,27131.0,RMB/person/year,5.25,,Ministry of Agriculture and Rural Affairs of the PRC,https://yyj.moa.gov.cn/gzdt/202507/t20250707_6475475.htm,a4ad7bbeb571678b5ddc776c9e08013b1e7f921a286da1908273de51b723022b,2026-07-23,经过处理的数据（公开来源）,deterministic regex over official HTML text
2024,population,fishery_population,渔业人口,total,1582.47,万人,10000.0,15824700.0,persons,-1.01,,Ministry of Agriculture and Rural Affairs of the PRC,https://yyj.moa.gov.cn/gzdt/202507/t20250707_6475475.htm,a4ad7bbeb571678b5ddc776c9e08013b1e7f921a286da1908273de51b723022b,2026-07-23,经过处理的数据（公开来源）,deterministic regex over official HTML text
2024,population,fishery_workforce,渔业从业人员,total,1174.17,万人,10000.0,11741700.0,persons,-0.18,,Ministry of Agriculture and Rural Affairs of the PRC,https://yyj.moa.gov.cn/gzdt/202507/t20250707_6475475.htm,a4ad7bbeb571678b5ddc776c9e08013b1e7f921a286da1908273de51b723022b,2026-07-23,经过处理的数据（公开来源）,deterministic regex over official HTML text
2024,population,traditional_fishers,传统渔民,total,488.08,万人,10000.0,4880800.0,persons,-3.59,,Ministry of Agriculture and Rural Affairs of the PRC,https://yyj.moa.gov.cn/gzdt/202507/t20250707_6475475.htm,a4ad7bbeb571678b5ddc776c9e08013b1e7f921a286da1908273de51b723022b,2026-07-23,经过处理的数据（公开来源）,deterministic regex over official HTML text
2024,processing_trade,cold_storage_units,水产冷库,total,9737.0,座,1.0,9737.0,count,,,Ministry of Agriculture and Rural Affairs of the PRC,https://yyj.moa.gov.cn/gzdt/202507/t20250707_6475475.htm,a4ad7bbeb571678b5ddc776c9e08013b1e7f921a286da1908273de51b723022b,2026-07-23,经过处理的数据（公开来源）,deterministic regex over official HTML text
2024,processing_trade,processed_products,水产加工品总量,freshwater,496.19,万吨,10000.0,4961900.0,tonnes,2.02,,Ministry of Agriculture and Rural Affairs of the PRC,https://yyj.moa.gov.cn/gzdt/202507/t20250707_6475475.htm,a4ad7bbeb571678b5ddc776c9e08013b1e7f921a286da1908273de51b723022b,2026-07-23,经过处理的数据（公开来源）,deterministic regex over official HTML text
2024,processing_trade,processed_products,水产加工品总量,marine,1757.57,万吨,10000.0,17575700.0,tonnes,2.59,,Ministry of Agriculture and Rural Affairs of the PRC,https://yyj.moa.gov.cn/gzdt/202507/t20250707_6475475.htm,a4ad7bbeb571678b5ddc776c9e08013b1e7f921a286da1908273de51b723022b,2026-07-23,经过处理的数据（公开来源）,deterministic regex over official HTML text
2024,processing_trade,processed_products,水产加工品总量,total,2253.76,万吨,10000.0,22537600.000000004,tonnes,2.47,,Ministry of Agriculture and Rural Affairs of the PRC,https://yyj.moa.gov.cn/gzdt/202507/t20250707_6475475.htm,a4ad7bbeb571678b5ddc776c9e08013b1e7f921a286da1908273de51b723022b,2026-07-23,经过处理的数据（公开来源）,deterministic regex over official HTML text
2024,processing_trade,processing_enterprises,水产加工企业,total,9581.0,个,1.0,9581.0,count,,,Ministry of Agriculture and Rural Affairs of the PRC,https://yyj.moa.gov.cn/gzdt/202507/t20250707_6475475.htm,a4ad7bbeb571678b5ddc776c9e08013b1e7f921a286da1908273de51b723022b,2026-07-23,经过处理的数据（公开来源）,deterministic regex over official HTML text
2024,processing_trade,products_used_for_processing,用于加工的水产品总量,freshwater,638.43,万吨,10000.0,6384299.999999999,tonnes,-0.4,,Ministry of Agriculture and Rural Affairs of the PRC,https://yyj.moa.gov.cn/gzdt/202507/t20250707_6475475.htm,a4ad7bbeb571678b5ddc776c9e08013b1e7f921a286da1908273de51b723022b,2026-07-23,经过处理的数据（公开来源）,deterministic regex over official HTML text
2024,processing_trade,products_used_for_processing,用于加工的水产品总量,marine,2009.57,万吨,10000.0,20095700.0,tonnes,1.36,,Ministry of Agriculture and Rural Affairs of the PRC,https://yyj.moa.gov.cn/gzdt/202507/t20250707_6475475.htm,a4ad7bbeb571678b5ddc776c9e08013b1e7f921a286da1908273de51b723022b,2026-07-23,经过处理的数据（公开来源）,deterministic regex over official HTML text
2024,processing_trade,products_used_for_processing,用于加工的水产品总量,total,2647.99,万吨,10000.0,26479899.999999996,tonnes,0.93,,Ministry of Agriculture and Rural Affairs of the PRC,https://yyj.moa.gov.cn/gzdt/202507/t20250707_6475475.htm,a4ad7bbeb571678b5ddc776c9e08013b1e7f921a286da1908273de51b723022b,2026-07-23,经过处理的数据（公开来源）,deterministic regex over official HTML text
2024,processing_trade,trade_deficit,水产品贸易逆差,total,23.57,亿美元,100.0,2357.0,million USD,,,Ministry of Agriculture and Rural Affairs of the PRC,https://yyj.moa.gov.cn/gzdt/202507/t20250707_6475475.htm,a4ad7bbeb571678b5ddc776c9e08013b1e7f921a286da1908273de51b723022b,2026-07-23,经过处理的数据（公开来源）,deterministic regex over official HTML text
2024,processing_trade,trade_value,水产品出口额,export,207.4,亿美元,100.0,20740.0,million USD,1.35,,Ministry of Agriculture and Rural Affairs of the PRC,https://yyj.moa.gov.cn/gzdt/202507/t20250707_6475475.htm,a4ad7bbeb571678b5ddc776c9e08013b1e7f921a286da1908273de51b723022b,2026-07-23,经过处理的数据（公开来源）,deterministic regex over official HTML text
2024,processing_trade,trade_value,水产品进口额,import,230.97,亿美元,100.0,23097.0,million USD,-2.85,,Ministry of Agriculture and Rural Affairs of the PRC,https://yyj.moa.gov.cn/gzdt/202507/t20250707_6475475.htm,a4ad7bbeb571678b5ddc776c9e08013b1e7f921a286da1908273de51b723022b,2026-07-23,经过处理的数据（公开来源）,deterministic regex over official HTML text
2024,processing_trade,trade_value,水产品进出口额,total,438.36,亿美元,100.0,43836.0,million USD,-0.91,,Ministry of Agriculture and Rural Affairs of the PRC,https://yyj.moa.gov.cn/gzdt/202507/t20250707_6475475.htm,a4ad7bbeb571678b5ddc776c9e08013b1e7f921a286da1908273de51b723022b,2026-07-23,经过处理的数据（公开来源）,deterministic regex over official HTML text
2024,processing_trade,trade_volume,水产品出口量,export,423.96,万吨,10000.0,4239600.0,tonnes,11.62,,Ministry of Agriculture and Rural Affairs of the PRC,https://yyj.moa.gov.cn/gzdt/202507/t20250707_6475475.htm,a4ad7bbeb571678b5ddc776c9e08013b1e7f921a286da1908273de51b723022b,2026-07-23,经过处理的数据（公开来源）,deterministic regex over official HTML text
2024,processing_trade,trade_volume,水产品进口量,import,693.24,万吨,10000.0,6932400.0,tonnes,2.52,,Ministry of Agriculture and Rural Affairs of the PRC,https://yyj.moa.gov.cn/gzdt/202507/t20250707_6475475.htm,a4ad7bbeb571678b5ddc776c9e08013b1e7f921a286da1908273de51b723022b,2026-07-23,经过处理的数据（公开来源）,deterministic regex over official HTML text
2024,processing_trade,trade_volume,水产品进出口量,total,1117.2,万吨,10000.0,11172000.0,tonnes,5.79,,Ministry of Agriculture and Rural Affairs of the PRC,https://yyj.moa.gov.cn/gzdt/202507/t20250707_6475475.htm,a4ad7bbeb571678b5ddc776c9e08013b1e7f921a286da1908273de51b723022b,2026-07-23,经过处理的数据（公开来源）,deterministic regex over official HTML text
2024,production,aquaculture_production,养殖产量,total,6060.03,万吨,10000.0,60600300.0,tonnes,4.31,,Ministry of Agriculture and Rural Affairs of the PRC,https://yyj.moa.gov.cn/gzdt/202507/t20250707_6475475.htm,a4ad7bbeb571678b5ddc776c9e08013b1e7f921a286da1908273de51b723022b,2026-07-23,经过处理的数据（公开来源）,deterministic regex over official HTML text
2024,production,aquatic_products_per_capita,水产品人均占有量,total,52.25,千克,1.0,52.25,kg/person/year,3.51,,Ministry of Agriculture and Rural Affairs of the PRC,https://yyj.moa.gov.cn/gzdt/202507/t20250707_6475475.htm,a4ad7bbeb571678b5ddc776c9e08013b1e7f921a286da1908273de51b723022b,2026-07-23,经过处理的数据（公开来源）,deterministic regex over official HTML text
2024,production,capture_production,捕捞产量,total,1297.56,万吨,10000.0,12975600.0,tonnes,-0.69,,Ministry of Agriculture and Rural Affairs of the PRC,https://yyj.moa.gov.cn/gzdt/202507/t20250707_6475475.htm,a4ad7bbeb571678b5ddc776c9e08013b1e7f921a286da1908273de51b723022b,2026-07-23,经过处理的数据（公开来源）,deterministic regex over official HTML text
2024,production,distant_water_capture,远洋渔业产量,distant_water,218.91,万吨,10000.0,2189100.0,tonnes,-5.74,,Ministry of Agriculture and Rural Affairs of the PRC,https://yyj.moa.gov.cn/gzdt/202507/t20250707_6475475.htm,a4ad7bbeb571678b5ddc776c9e08013b1e7f921a286da1908273de51b723022b,2026-07-23,经过处理的数据（公开来源）,deterministic regex over official HTML text
2024,production,freshwater_products,淡水产品产量,freshwater,3648.72,万吨,10000.0,36487200.0,tonnes,3.34,,Ministry of Agriculture and Rural Affairs of the PRC,https://yyj.moa.gov.cn/gzdt/202507/t20250707_6475475.htm,a4ad7bbeb571678b5ddc776c9e08013b1e7f921a286da1908273de51b723022b,2026-07-23,经过处理的数据（公开来源）,deterministic regex over official HTML text
2024,production,marine_products,海水产品产量,marine,3708.87,万吨,10000.0,37088700.0,tonnes,3.45,,Ministry of Agriculture and Rural Affairs of the PRC,https://yyj.moa.gov.cn/gzdt/202507/t20250707_6475475.htm,a4ad7bbeb571678b5ddc776c9e08013b1e7f921a286da1908273de51b723022b,2026-07-23,经过处理的数据（公开来源）,deterministic regex over official HTML text
2024,production,total_aquatic_products,水产品总产量,total,7357.59,万吨,10000.0,73575900.0,tonnes,3.39,,Ministry of Agriculture and Rural Affairs of the PRC,https://yyj.moa.gov.cn/gzdt/202507/t20250707_6475475.htm,a4ad7bbeb571678b5ddc776c9e08013b1e7f921a286da1908273de51b723022b,2026-07-23,经过处理的数据（公开来源）,deterministic regex over official HTML text
