path,bytes,sha256
results/benchmark/smoke_summary.csv,561,04d41e817f1d5e4bb23c7301f79d12ff46958a9c16d415a8811df68de0b477a5
results/data/figure_02_convergence.csv,29645,eb88a416870530283f6fd94fff6ea15cdf00aa24b942043ae358294faa3a69f6
results/data/figure_03_boxplots.csv,8604,16075dc173bedab98dc899ecc4c94498bb508cba931e94282c495d649a1b3ca7
results/data/figure_04_kpis.csv,447,054db8c4d8773c61588d994306ca2cd60b7715f1b7ae3a45395054ee10927845
results/data/figure_05_pareto.csv,13798,6732dd13d345901f5a2b71a2a3ff1be6f724073d3ce3ba46bb75af69da944a7f
results/data/figure_06_parameter_sensitivity.csv,522,a5080a941f8832f3a3c420fc4c018a210015535180b25f817d4896322bc140d7
results/data/figure_07_digitalization_sensitivity.csv,2842,8f0261d97710d319aaedcedd49c0a591ebc8106adfd8d28de448844a4c4840cb
results/data/figure_08_tac_sensitivity.csv,19136,3e0301cc8f36195a6dc64ef4e26bc573a02e40c847f1eec36859e09a97542d50
results/data/figure_09_algorithm_ablation.csv,81518,cf91d6b3b3d8b9453c8dc0972209ba643194ca9f782ccd96477a7e92ca6ee065
results/data/figure_10_module_ablation.csv,564,c8e9643fba1a294ad6eb41c572257f5956d8c84ca53c2e26f467ccbd81e8cd91
results/figures/Figure_01_PPMS_MOO_architecture.png,197523,94d84715cf8b13095657b2c7ad62ced43395336b4b513c201b5aa44f64a6a54a
results/figures/Figure_01_PPMS_MOO_architecture.svg,93845,d0a3a8c5c25663fd07ba0b9fa72b4241fd3f3197ead03091dcd7f70d26278e46
results/figures/Figure_02_convergence.png,208087,08643a888800511a1c0163e7ba93f3b2bf04533a4eec8c550b4b70699489d6f3
results/figures/Figure_02_convergence.svg,89762,c8bcb1c53baf40634f9ee557fe0bbf078584650d3358d57fa95905cfd66d4526
results/figures/Figure_03_statistical_comparison.png,101524,81d7a39a6f5330e4bcf4eecf25d77a588b5611d22ab1ee9c5e6393364fce1b89
results/figures/Figure_03_statistical_comparison.svg,73248,95e221e0432b2367658d458d88084cceb5952eceb5bb9fd90ed8ffd52c9c893a
results/figures/Figure_04_kpi_radar.png,219378,4780368954ce5652c66f8afe3ddf3316f3512cb1fab817ee032952a3835c0c1e
results/figures/Figure_04_kpi_radar.svg,45490,45d66e5330613b328f003f31b518e4368e857acae8d7387d7bb7ada61bcb2abb
results/figures/Figure_05_pareto_sets.png,239840,4550695dfc6779b402a6f4f008c19ff1704339e1912d69f86f102c5481574dd8
results/figures/Figure_05_pareto_sets.svg,99373,0702e09fac168f065af5540f6ba507e909cfe42e9b6573b73012209a8032b296
results/figures/Figure_06_parameter_sensitivity.png,187884,433494633438bd1e94a4e341b53a7c738969d280bbae7d710c024f99eab9fa18
results/figures/Figure_06_parameter_sensitivity.svg,70089,5a5d9f3f0f4e6f85815d29e0dd9dc29223aa1293c97c00651fd3b1885e0139af
results/figures/Figure_07_digitalization_sensitivity.png,201419,5d8993360abb743df9ebf925ec8c62573e17251c27866dcd0f2eb37dcc774118
results/figures/Figure_07_digitalization_sensitivity.svg,103111,decb14a345859ccc9fc01cbce9b6606ece5e85be8699418021f14df78c8728ea
results/figures/Figure_08_tac_sensitivity.png,322958,ed491344602bc0581ca996dfb35de04bb1dff07494b9d2f76bc4a2c38bb19675
results/figures/Figure_08_tac_sensitivity.svg,122241,467c78291c809facab0a363b93923659106b9d1b05ae67c11835ffbc85573508
results/figures/Figure_09_algorithm_ablation.png,312528,bc06f7c774587dac05ef62c221df9148d2dcfa448f4bb427f39b8390209458b0
results/figures/Figure_09_algorithm_ablation.svg,108815,dca5204d315b527b346e1631f1f3ef0f2f1a8061f9f64d4a4c891b08a50e45d2
results/figures/Figure_10_module_ablation.png,154443,eb839fb0ebbef80685354f5ff170c0d8dced17115814adabf221ef1c358c6ff7
results/figures/Figure_10_module_ablation.svg,87056,2b1640b6188ae546787322f582c5cb6196000034cdf2bf1707810966b78bad29
results/tables/data_audit.csv,1123,666cedc2eb87872409426fd2b42014807357f3f91fea66a3744ac786d2683faf
